{
  "experiment_info": {
    "timestamp": "2025-09-06T18:10:26.901915",
    "n_models": 5,
    "n_cves": 100,
    "source_distribution": {
      "NIST": 52,
      "Wordfence": 20,
      "huntr.dev": 2,
      "Red Hat, Inc.": 2,
      "VulDB": 4,
      "TWCERT/CC": 11,
      "134c704f-9b21-4f2e-91b3-4a467353bcc0": 3,
      "Hitachi Energy": 2,
      "Fortra": 1,
      "Forescout": 2,
      "Indian Computer Emergency Response Team (CERT-In)": 1,
      "Progress Software Corporation": 1
    }
  },
  "model_results": {
    "gpt-4o": {
      "evaluation": {
        "metrics_accuracy": {
          "AV": 97.36842105263158,
          "AC": 93.42105263157895,
          "PR": 77.63157894736842,
          "UI": 96.05263157894737,
          "S": 67.10526315789474,
          "C": 80.26315789473685,
          "I": 89.47368421052632,
          "A": 92.10526315789474
        },
        "rmse": 1.4673194320901886,
        "mae": 0.9407894736842105,
        "correlation": 0.7647498777494924,
        "n_samples": 76,
        "n_pred_valid": 79
      },
      "n_predictions": 79
    },
    "gpt-4": {
      "evaluation": {
        "metrics_accuracy": {
          "AV": 97.87234042553192,
          "AC": 92.5531914893617,
          "PR": 76.59574468085107,
          "UI": 94.68085106382979,
          "S": 62.76595744680851,
          "C": 78.72340425531915,
          "I": 84.04255319148936,
          "A": 88.29787234042553
        },
        "rmse": 1.660428040173902,
        "mae": 1.1297872340425534,
        "correlation": 0.6891324254859531,
        "n_samples": 94,
        "n_pred_valid": 97
      },
      "n_predictions": 97
    },
    "gpt-4o-mini": {
      "evaluation": {
        "metrics_accuracy": {
          "AV": 97.70114942528735,
          "AC": 94.25287356321839,
          "PR": 75.86206896551724,
          "UI": 91.95402298850574,
          "S": 55.172413793103445,
          "C": 77.01149425287356,
          "I": 81.60919540229885,
          "A": 83.9080459770115
        },
        "rmse": 1.8031900212882621,
        "mae": 1.2091954022988507,
        "correlation": 0.6739456287722637,
        "n_samples": 87,
        "n_pred_valid": 89
      },
      "n_predictions": 89
    },
    "gemini-1.5-pro": {
      "evaluation": {
        "metrics_accuracy": {
          "AV": 97.01492537313433,
          "AC": 92.53731343283582,
          "PR": 70.1492537313433,
          "UI": 59.70149253731343,
          "S": 70.1492537313433,
          "C": 73.13432835820896,
          "I": 74.6268656716418,
          "A": 74.6268656716418
        },
        "rmse": 1.9775606864662123,
        "mae": 1.4716417910447763,
        "correlation": 0.43814337438644846,
        "n_samples": 67,
        "n_pred_valid": 70
      },
      "n_predictions": 70
    },
    "llama-3.1-70b": {
      "evaluation": {
        "metrics_accuracy": {
          "AV": 0.0,
          "AC": 0.0,
          "PR": 0.0,
          "UI": 0.0,
          "S": 0.0,
          "C": 0.0,
          "I": 0.0,
          "A": 0.0
        },
        "rmse": 0.0,
        "mae": 0.0,
        "correlation": 0.0,
        "n_samples": 0,
        "n_pred_valid": 0
      },
      "n_predictions": 0
    }
  }
}