{
  "experiment_info": {
    "timestamp": "2025-09-07T22:28:31.372938",
    "n_models": 3,
    "n_cves": 100,
    "source_distribution": {
      "NIST": 52,
      "Wordfence": 20,
      "huntr.dev": 2,
      "Red Hat, Inc.": 2,
      "VulDB": 4,
      "TWCERT/CC": 11,
      "134c704f-9b21-4f2e-91b3-4a467353bcc0": 3,
      "Hitachi Energy": 2,
      "Fortra": 1,
      "Forescout": 2,
      "Indian Computer Emergency Response Team (CERT-In)": 1,
      "Progress Software Corporation": 1
    }
  },
  "model_results": {
    "gemini-1.5-flash": {
      "evaluation": {
        "metrics_accuracy": {
          "AV": 96.29629629629629,
          "AC": 92.5925925925926,
          "PR": 70.37037037037037,
          "UI": 54.32098765432099,
          "S": 79.01234567901234,
          "C": 75.30864197530865,
          "I": 76.5432098765432,
          "A": 71.60493827160494
        },
        "rmse": 1.827059973878293,
        "mae": 1.3814814814814818,
        "correlation": 0.5433630730744697,
        "n_samples": 81,
        "n_pred_valid": 83
      },
      "n_predictions": 83
    },
    "command-r": {
      "evaluation": {
        "metrics_accuracy": {
          "AV": 97.87234042553192,
          "AC": 93.61702127659575,
          "PR": 77.6595744680851,
          "UI": 96.80851063829788,
          "S": 75.53191489361703,
          "C": 75.53191489361703,
          "I": 86.17021276595744,
          "A": 86.17021276595744
        },
        "rmse": 1.5052390776388527,
        "mae": 0.9468085106382981,
        "correlation": 0.7220023554934935,
        "n_samples": 94,
        "n_pred_valid": 97
      },
      "n_predictions": 97
    },
    "blackboxai": {
      "evaluation": {
        "metrics_accuracy": {
          "AV": 0.0,
          "AC": 0.0,
          "PR": 0.0,
          "UI": 0.0,
          "S": 0.0,
          "C": 0.0,
          "I": 0.0,
          "A": 0.0
        },
        "rmse": 0.0,
        "mae": 0.0,
        "correlation": 0.0,
        "n_samples": 0,
        "n_pred_valid": 0
      },
      "n_predictions": 0
    }
  }
}