{
  "prediction": {
    "Trend": "Monotonic",
    "Model": "gpt-4o",
    "WindowYears": 2.0,
    "WindowDays": 730,
    "CVE": "CVE-2025-0521",
    "TargetDate": "2025-07-18",
    "Pred": 0.0008,
    "Actual": 0.0014000000000000002,
    "AbsError": 0.0006000000000000002,
    "SqError": 3.600000000000002e-07,
    "PctError": 42.85714285714286,
    "PredDir": -1,
    "ActualDir": 1,
    "DirCorrect": 0,
    "HistoryPoints": 10,
    "LLM_Used": 1,
    "InputsPath": "/home/xiaoqun/RQ3_Experimants/results_rq3_exp2_windows/llm_inputs/Monotonic__gpt-4o__2.0y__CVE-2025-0521.json"
  }
}