{
  "prediction": {
    "Trend": "Monotonic",
    "Model": "blackboxai",
    "WindowYears": 0.5,
    "WindowDays": 182,
    "CVE": "CVE-2025-0528",
    "TargetDate": "2025-06-27",
    "Pred": 0.010400000000000001,
    "Actual": 0.010700000000000001,
    "AbsError": 0.0002999999999999999,
    "SqError": 8.999999999999995e-08,
    "PctError": 2.8037383177570083,
    "PredDir": 1,
    "ActualDir": 1,
    "DirCorrect": 1,
    "HistoryPoints": 9,
    "LLM_Used": 0,
    "InputsPath": "/home/xiaoqun/RQ3_Experimants/results_rq3_exp2_windows/llm_inputs/Monotonic__blackboxai__0.5y__CVE-2025-0528.json"
  }
}