{
  "prediction": {
    "Trend": "Monotonic",
    "Model": "gpt-4",
    "WindowYears": 0.5,
    "WindowDays": 182,
    "CVE": "CVE-2025-0528",
    "TargetDate": "2025-06-27",
    "Pred": 0.009,
    "Actual": 0.010700000000000001,
    "AbsError": 0.0017000000000000019,
    "SqError": 2.890000000000006e-06,
    "PctError": 15.887850467289736,
    "PredDir": 1,
    "ActualDir": 1,
    "DirCorrect": 1,
    "HistoryPoints": 9,
    "LLM_Used": 1,
    "InputsPath": "/home/xiaoqun/RQ3_Experimants/results_rq3_exp2_windows/llm_inputs/Monotonic__gpt-4__0.5y__CVE-2025-0528.json"
  }
}