{
  "prediction": {
    "Trend": "Monotonic",
    "Model": "gpt-4o-mini",
    "WindowYears": 0.5,
    "WindowDays": 182,
    "CVE": "CVE-2025-0394",
    "TargetDate": "2025-06-24",
    "Pred": 0.0156,
    "Actual": 0.0055000000000000005,
    "AbsError": 0.010099999999999998,
    "SqError": 0.00010200999999999995,
    "PctError": 183.63636363636357,
    "PredDir": 1,
    "ActualDir": 1,
    "DirCorrect": 1,
    "HistoryPoints": 9,
    "LLM_Used": 1,
    "InputsPath": "/home/xiaoqun/RQ3_Experimants/results_rq3_exp2_windows/llm_inputs/Monotonic__gpt-4o-mini__0.5y__CVE-2025-0394.json"
  }
}