{
  "prediction": {
    "Trend": "Monotonic",
    "Model": "gpt-4o-mini",
    "WindowYears": 2.0,
    "WindowDays": 730,
    "CVE": "CVE-2025-0447",
    "TargetDate": "2025-07-17",
    "Pred": 0.0033,
    "Actual": 0.0034999999999999996,
    "AbsError": 0.00019999999999999966,
    "SqError": 3.999999999999986e-08,
    "PctError": 5.714285714285705,
    "PredDir": 1,
    "ActualDir": 1,
    "DirCorrect": 1,
    "HistoryPoints": 11,
    "LLM_Used": 1,
    "InputsPath": "/home/xiaoqun/RQ3_Experimants/results_rq3_exp2_windows/llm_inputs/Monotonic__gpt-4o-mini__2.0y__CVE-2025-0447.json"
  }
}