{
  "prediction": {
    "Trend": "Monotonic",
    "Model": "gpt-4o",
    "WindowYears": 0.5,
    "WindowDays": 182,
    "CVE": "CVE-2025-0528",
    "TargetDate": "2025-06-27",
    "Pred": 0.0085,
    "Actual": 0.010700000000000001,
    "AbsError": 0.0022000000000000006,
    "SqError": 4.840000000000003e-06,
    "PctError": 20.560747663551403,
    "PredDir": 1,
    "ActualDir": 1,
    "DirCorrect": 1,
    "HistoryPoints": 9,
    "LLM_Used": 1,
    "InputsPath": "/home/xiaoqun/RQ3_Experimants/results_rq3_exp2_windows/llm_inputs/Monotonic__gpt-4o__0.5y__CVE-2025-0528.json"
  }
}