{
  "prediction": {
    "Trend": "Monotonic",
    "Model": "gpt-4o-mini",
    "WindowYears": 0.5,
    "WindowDays": 182,
    "CVE": "CVE-2025-0470",
    "TargetDate": "2025-07-11",
    "Pred": 0.0012,
    "Actual": 0.0017000000000000001,
    "AbsError": 0.0005000000000000002,
    "SqError": 2.5000000000000025e-07,
    "PctError": 29.411764705882366,
    "PredDir": -1,
    "ActualDir": 1,
    "DirCorrect": 0,
    "HistoryPoints": 11,
    "LLM_Used": 1,
    "InputsPath": "/home/xiaoqun/RQ3_Experimants/results_rq3_exp2_windows/llm_inputs/Monotonic__gpt-4o-mini__0.5y__CVE-2025-0470.json"
  }
}