{
  "prediction": {
    "Trend": "Monotonic",
    "Model": "gpt-4",
    "WindowYears": 2.0,
    "WindowDays": 730,
    "CVE": "CVE-2025-0444",
    "TargetDate": "2025-07-19",
    "Pred": 0.0036,
    "Actual": 0.0028000000000000004,
    "AbsError": 0.0007999999999999995,
    "SqError": 6.399999999999992e-07,
    "PctError": 28.571428571428548,
    "PredDir": 1,
    "ActualDir": -1,
    "DirCorrect": 0,
    "HistoryPoints": 12,
    "LLM_Used": 1,
    "InputsPath": "/home/xiaoqun/RQ3_Experimants/results_rq3_exp2_windows/llm_inputs/Monotonic__gpt-4__2.0y__CVE-2025-0444.json"
  }
}