{
  "prediction": {
    "Trend": "Monotonic",
    "Model": "gemini-1.5-flash",
    "WindowYears": 1.0,
    "WindowDays": 365,
    "CVE": "CVE-2025-0443",
    "TargetDate": "2025-07-17",
    "Pred": 0.003,
    "Actual": 0.0034999999999999996,
    "AbsError": 0.0004999999999999996,
    "SqError": 2.4999999999999957e-07,
    "PctError": 14.285714285714274,
    "PredDir": 1,
    "ActualDir": 1,
    "DirCorrect": 1,
    "HistoryPoints": 11,
    "LLM_Used": 1,
    "InputsPath": "/home/xiaoqun/RQ3_Experimants/results_rq3_exp2_windows/llm_inputs/Monotonic__gemini-1.5-flash__1.0y__CVE-2025-0443.json"
  }
}