{
  "prediction": {
    "Trend": "Monotonic",
    "Model": "command-r",
    "WindowYears": 0.5,
    "WindowDays": 182,
    "CVE": "CVE-2025-0106",
    "TargetDate": "2025-06-21",
    "Pred": 0.0015,
    "Actual": 0.0017000000000000001,
    "AbsError": 0.0002000000000000001,
    "SqError": 4.0000000000000034e-08,
    "PctError": 11.764705882352946,
    "PredDir": 1,
    "ActualDir": 1,
    "DirCorrect": 1,
    "HistoryPoints": 7,
    "LLM_Used": 1,
    "InputsPath": "/home/xiaoqun/RQ3_Experimants/results_rq3_exp2_windows/llm_inputs/Monotonic__command-r__0.5y__CVE-2025-0106.json"
  }
}