{
  "prediction": {
    "Trend": "Monotonic",
    "Model": "gpt-4o",
    "WindowYears": 0.5,
    "WindowDays": 182,
    "CVE": "CVE-2025-0247",
    "TargetDate": "2025-06-17",
    "Pred": 0.0027,
    "Actual": 0.0028000000000000004,
    "AbsError": 0.00010000000000000026,
    "SqError": 1.0000000000000053e-08,
    "PctError": 3.57142857142858,
    "PredDir": 1,
    "ActualDir": 1,
    "DirCorrect": 1,
    "HistoryPoints": 9,
    "LLM_Used": 1,
    "InputsPath": "/home/xiaoqun/RQ3_Experimants/results_rq3_exp2_windows/llm_inputs/Monotonic__gpt-4o__0.5y__CVE-2025-0247.json"
  }
}