{
  "prediction": {
    "Trend": "Monotonic",
    "Model": "command-r",
    "WindowYears": 2.0,
    "WindowDays": 730,
    "CVE": "CVE-2025-0247",
    "TargetDate": "2025-06-17",
    "Pred": 0.0025,
    "Actual": 0.0028000000000000004,
    "AbsError": 0.00030000000000000035,
    "SqError": 9.000000000000021e-08,
    "PctError": 10.714285714285724,
    "PredDir": 1,
    "ActualDir": 1,
    "DirCorrect": 1,
    "HistoryPoints": 9,
    "LLM_Used": 1,
    "InputsPath": "/home/xiaoqun/RQ3_Experimants/results_rq3_exp2_windows/llm_inputs/Monotonic__command-r__2.0y__CVE-2025-0247.json"
  }
}