{
  "prediction": {
    "Trend": "Monotonic",
    "Model": "gpt-4o",
    "WindowYears": 1.0,
    "WindowDays": 365,
    "CVE": "CVE-2025-0528",
    "TargetDate": "2025-06-27",
    "Pred": 0.0089,
    "Actual": 0.010700000000000001,
    "AbsError": 0.0018000000000000013,
    "SqError": 3.2400000000000046e-06,
    "PctError": 16.822429906542066,
    "PredDir": 1,
    "ActualDir": 1,
    "DirCorrect": 1,
    "HistoryPoints": 9,
    "LLM_Used": 1,
    "InputsPath": "/home/xiaoqun/RQ3_Experimants/results_rq3_exp2_windows/llm_inputs/Monotonic__gpt-4o__1.0y__CVE-2025-0528.json"
  }
}