{
  "prediction": {
    "Trend": "Monotonic",
    "Model": "gpt-4",
    "WindowYears": 0.5,
    "WindowDays": 182,
    "CVE": "CVE-2025-0470",
    "TargetDate": "2025-07-11",
    "Pred": 0.0016,
    "Actual": 0.0017000000000000001,
    "AbsError": 0.00010000000000000005,
    "SqError": 1.0000000000000008e-08,
    "PctError": 5.882352941176473,
    "PredDir": 1,
    "ActualDir": 1,
    "DirCorrect": 1,
    "HistoryPoints": 11,
    "LLM_Used": 1,
    "InputsPath": "/home/xiaoqun/RQ3_Experimants/results_rq3_exp2_windows/llm_inputs/Monotonic__gpt-4__0.5y__CVE-2025-0470.json"
  }
}