{
  "prediction": {
    "Trend": "Monotonic",
    "Model": "gpt-4",
    "WindowYears": 1.0,
    "WindowDays": 365,
    "CVE": "CVE-2025-0528",
    "TargetDate": "2025-06-27",
    "Pred": 0.0086,
    "Actual": 0.010700000000000001,
    "AbsError": 0.002100000000000001,
    "SqError": 4.410000000000005e-06,
    "PctError": 19.62616822429907,
    "PredDir": 1,
    "ActualDir": 1,
    "DirCorrect": 1,
    "HistoryPoints": 9,
    "LLM_Used": 1,
    "InputsPath": "/home/xiaoqun/RQ3_Experimants/results_rq3_exp2_windows/llm_inputs/Monotonic__gpt-4__1.0y__CVE-2025-0528.json"
  }
}