{
  "prediction": {
    "Trend": "Monotonic",
    "Model": "gpt-4",
    "WindowYears": 2.0,
    "WindowDays": 730,
    "CVE": "CVE-2025-0247",
    "TargetDate": "2025-06-17",
    "Pred": 0.0026,
    "Actual": 0.0028000000000000004,
    "AbsError": 0.00020000000000000052,
    "SqError": 4.000000000000021e-08,
    "PctError": 7.14285714285716,
    "PredDir": 1,
    "ActualDir": 1,
    "DirCorrect": 1,
    "HistoryPoints": 9,
    "LLM_Used": 1,
    "InputsPath": "/home/xiaoqun/RQ3_Experimants/results_rq3_exp2_windows/llm_inputs/Monotonic__gpt-4__2.0y__CVE-2025-0247.json"
  }
}