{
  "prediction": {
    "Trend": "Monotonic",
    "Model": "blackboxai",
    "WindowYears": 2.0,
    "WindowDays": 730,
    "CVE": "CVE-2025-0189",
    "TargetDate": "2025-07-20",
    "Pred": 0.0006999999999999999,
    "Actual": 0.0014000000000000002,
    "AbsError": 0.0007000000000000003,
    "SqError": 4.900000000000005e-07,
    "PctError": 50.000000000000014,
    "PredDir": 1,
    "ActualDir": 1,
    "DirCorrect": 1,
    "HistoryPoints": 6,
    "LLM_Used": 0,
    "InputsPath": "/home/xiaoqun/RQ3_Experimants/results_rq3_exp2_windows/llm_inputs/Monotonic__blackboxai__2.0y__CVE-2025-0189.json"
  }
}