{
  "prediction": {
    "Trend": "Monotonic",
    "Model": "gpt-4",
    "WindowYears": 1.0,
    "WindowDays": 365,
    "CVE": "CVE-2025-0443",
    "TargetDate": "2025-07-17",
    "Pred": 0.0029,
    "Actual": 0.0034999999999999996,
    "AbsError": 0.0005999999999999998,
    "SqError": 3.599999999999998e-07,
    "PctError": 17.14285714285714,
    "PredDir": -1,
    "ActualDir": 1,
    "DirCorrect": 0,
    "HistoryPoints": 11,
    "LLM_Used": 1,
    "InputsPath": "/home/xiaoqun/RQ3_Experimants/results_rq3_exp2_windows/llm_inputs/Monotonic__gpt-4__1.0y__CVE-2025-0443.json"
  }
}