{
  "prediction": {
    "Trend": "Monotonic",
    "Model": "gpt-4o",
    "WindowYears": 0.5,
    "WindowDays": 182,
    "CVE": "CVE-2025-0394",
    "TargetDate": "2025-06-24",
    "Pred": 0.004,
    "Actual": 0.0055000000000000005,
    "AbsError": 0.0015000000000000005,
    "SqError": 2.2500000000000013e-06,
    "PctError": 27.272727272727277,
    "PredDir": 1,
    "ActualDir": 1,
    "DirCorrect": 1,
    "HistoryPoints": 9,
    "LLM_Used": 1,
    "InputsPath": "/home/xiaoqun/RQ3_Experimants/results_rq3_exp2_windows/llm_inputs/Monotonic__gpt-4o__0.5y__CVE-2025-0394.json"
  }
}