{
  "prediction": {
    "Trend": "Monotonic",
    "Model": "gpt-4",
    "WindowYears": 2.0,
    "WindowDays": 730,
    "CVE": "CVE-2025-0191",
    "TargetDate": "2025-07-20",
    "Pred": 0.0006000000000000001,
    "Actual": 0.0013,
    "AbsError": 0.0006999999999999999,
    "SqError": 4.899999999999999e-07,
    "PctError": 53.84615384615385,
    "PredDir": 1,
    "ActualDir": 1,
    "DirCorrect": 1,
    "HistoryPoints": 8,
    "LLM_Used": 0,
    "InputsPath": "/home/xiaoqun/RQ3_Experimants/results_rq3_exp2_windows/llm_inputs/Monotonic__gpt-4__2.0y__CVE-2025-0191.json"
  }
}