{
  "prediction": {
    "Trend": "Monotonic",
    "Model": "gpt-4o",
    "WindowYears": 1.0,
    "WindowDays": 365,
    "CVE": "CVE-2025-0443",
    "TargetDate": "2025-07-17",
    "Pred": 0.0028,
    "Actual": 0.0034999999999999996,
    "AbsError": 0.0006999999999999997,
    "SqError": 4.899999999999995e-07,
    "PctError": 19.999999999999993,
    "PredDir": -1,
    "ActualDir": 1,
    "DirCorrect": 0,
    "HistoryPoints": 11,
    "LLM_Used": 1,
    "InputsPath": "/home/xiaoqun/RQ3_Experimants/results_rq3_exp2_windows/llm_inputs/Monotonic__gpt-4o__1.0y__CVE-2025-0443.json"
  }
}