{
  "prediction": {
    "Trend": "Monotonic",
    "Model": "gpt-4o",
    "WindowYears": 1.0,
    "WindowDays": 365,
    "CVE": "CVE-2025-0394",
    "TargetDate": "2025-06-24",
    "Pred": 0.0042,
    "Actual": 0.0055000000000000005,
    "AbsError": 0.0013000000000000008,
    "SqError": 1.690000000000002e-06,
    "PctError": 23.63636363636365,
    "PredDir": 1,
    "ActualDir": 1,
    "DirCorrect": 1,
    "HistoryPoints": 9,
    "LLM_Used": 1,
    "InputsPath": "/home/xiaoqun/RQ3_Experimants/results_rq3_exp2_windows/llm_inputs/Monotonic__gpt-4o__1.0y__CVE-2025-0394.json"
  }
}