{
  "prediction": {
    "Trend": "Monotonic",
    "Model": "gpt-4o-mini",
    "WindowYears": 2.0,
    "WindowDays": 730,
    "CVE": "CVE-2025-0444",
    "TargetDate": "2025-07-19",
    "Pred": 0.0045,
    "Actual": 0.0028000000000000004,
    "AbsError": 0.0016999999999999993,
    "SqError": 2.8899999999999973e-06,
    "PctError": 60.71428571428568,
    "PredDir": 1,
    "ActualDir": -1,
    "DirCorrect": 0,
    "HistoryPoints": 12,
    "LLM_Used": 1,
    "InputsPath": "/home/xiaoqun/RQ3_Experimants/results_rq3_exp2_windows/llm_inputs/Monotonic__gpt-4o-mini__2.0y__CVE-2025-0444.json"
  }
}