{
  "prediction": {
    "Trend": "Monotonic",
    "Model": "blackboxai",
    "WindowYears": 1.0,
    "WindowDays": 365,
    "CVE": "CVE-2025-0247",
    "TargetDate": "2025-06-17",
    "Pred": 0.0029999999999999996,
    "Actual": 0.0028000000000000004,
    "AbsError": 0.00019999999999999922,
    "SqError": 3.999999999999969e-08,
    "PctError": 7.142857142857115,
    "PredDir": 1,
    "ActualDir": 1,
    "DirCorrect": 1,
    "HistoryPoints": 9,
    "LLM_Used": 0,
    "InputsPath": "/home/xiaoqun/RQ3_Experimants/results_rq3_exp2_windows/llm_inputs/Monotonic__blackboxai__1.0y__CVE-2025-0247.json"
  }
}