{
  "prediction": {
    "Trend": "Monotonic",
    "Model": "blackboxai",
    "WindowYears": 0.5,
    "WindowDays": 182,
    "CVE": "CVE-2025-0159",
    "TargetDate": "2025-07-27",
    "Pred": 0.0031999999999999997,
    "Actual": 0.0013,
    "AbsError": 0.0018999999999999998,
    "SqError": 3.6099999999999993e-06,
    "PctError": 146.15384615384613,
    "PredDir": 1,
    "ActualDir": -1,
    "DirCorrect": 0,
    "HistoryPoints": 13,
    "LLM_Used": 0,
    "InputsPath": "/home/xiaoqun/RQ3_Experimants/results_rq3_exp2_windows/llm_inputs/Monotonic__blackboxai__0.5y__CVE-2025-0159.json"
  }
}