{
  "prediction": {
    "Trend": "Monotonic",
    "Model": "gpt-4o",
    "WindowYears": 1.0,
    "WindowDays": 365,
    "CVE": "CVE-2025-0366",
    "TargetDate": "2025-07-12",
    "Pred": 0.0157,
    "Actual": 0.011200000000000002,
    "AbsError": 0.004499999999999997,
    "SqError": 2.0249999999999974e-05,
    "PctError": 40.178571428571395,
    "PredDir": 1,
    "ActualDir": -1,
    "DirCorrect": 0,
    "HistoryPoints": 15,
    "LLM_Used": 1,
    "InputsPath": "/home/xiaoqun/RQ3_Experimants/results_rq3_exp2_windows/llm_inputs/Monotonic__gpt-4o__1.0y__CVE-2025-0366.json"
  }
}