{
  "prediction": {
    "Trend": "Monotonic",
    "Model": "gpt-4o",
    "WindowYears": 0.5,
    "WindowDays": 182,
    "CVE": "CVE-2025-0444",
    "TargetDate": "2025-07-19",
    "Pred": 0.0018999999999999998,
    "Actual": 0.0028000000000000004,
    "AbsError": 0.0009000000000000006,
    "SqError": 8.100000000000011e-07,
    "PctError": 32.14285714285716,
    "PredDir": -1,
    "ActualDir": -1,
    "DirCorrect": 1,
    "HistoryPoints": 12,
    "LLM_Used": 0,
    "InputsPath": "/home/xiaoqun/RQ3_Experimants/results_rq3_exp2_windows/llm_inputs/Monotonic__gpt-4o__0.5y__CVE-2025-0444.json"
  }
}