{
  "prediction": {
    "Trend": "Monotonic",
    "Model": "gpt-4",
    "WindowYears": 1.0,
    "WindowDays": 365,
    "CVE": "CVE-2025-0366",
    "TargetDate": "2025-07-12",
    "Pred": 0.0145,
    "Actual": 0.011200000000000002,
    "AbsError": 0.003299999999999999,
    "SqError": 1.0889999999999994e-05,
    "PctError": 29.464285714285705,
    "PredDir": 1,
    "ActualDir": -1,
    "DirCorrect": 0,
    "HistoryPoints": 15,
    "LLM_Used": 1,
    "InputsPath": "/home/xiaoqun/RQ3_Experimants/results_rq3_exp2_windows/llm_inputs/Monotonic__gpt-4__1.0y__CVE-2025-0366.json"
  }
}