{
  "prediction": {
    "Trend": "Monotonic",
    "Model": "gpt-4",
    "WindowYears": 2.0,
    "WindowDays": 730,
    "CVE": "CVE-2025-0189",
    "TargetDate": "2025-07-20",
    "Pred": 0.0007,
    "Actual": 0.0014000000000000002,
    "AbsError": 0.0007000000000000002,
    "SqError": 4.900000000000003e-07,
    "PctError": 50.000000000000014,
    "PredDir": 1,
    "ActualDir": 1,
    "DirCorrect": 1,
    "HistoryPoints": 6,
    "LLM_Used": 1,
    "InputsPath": "/home/xiaoqun/RQ3_Experimants/results_rq3_exp2_windows/llm_inputs/Monotonic__gpt-4__2.0y__CVE-2025-0189.json"
  }
}