{
  "prediction": {
    "Trend": "Monotonic",
    "Model": "command-r",
    "WindowYears": 1.0,
    "WindowDays": 365,
    "CVE": "CVE-2025-0470",
    "TargetDate": "2025-07-11",
    "Pred": 0.0014,
    "Actual": 0.0017000000000000001,
    "AbsError": 0.00030000000000000014,
    "SqError": 9.000000000000008e-08,
    "PctError": 17.64705882352942,
    "PredDir": 1,
    "ActualDir": 1,
    "DirCorrect": 1,
    "HistoryPoints": 11,
    "LLM_Used": 1,
    "InputsPath": "/home/xiaoqun/RQ3_Experimants/results_rq3_exp2_windows/llm_inputs/Monotonic__command-r__1.0y__CVE-2025-0470.json"
  }
}