{
  "prediction": {
    "Trend": "Monotonic",
    "Model": "gpt-4",
    "WindowYears": 2.0,
    "WindowDays": 730,
    "CVE": "CVE-2025-0447",
    "TargetDate": "2025-07-17",
    "Pred": 0.0032,
    "Actual": 0.0034999999999999996,
    "AbsError": 0.0002999999999999995,
    "SqError": 8.99999999999997e-08,
    "PctError": 8.571428571428557,
    "PredDir": 1,
    "ActualDir": 1,
    "DirCorrect": 1,
    "HistoryPoints": 11,
    "LLM_Used": 1,
    "InputsPath": "/home/xiaoqun/RQ3_Experimants/results_rq3_exp2_windows/llm_inputs/Monotonic__gpt-4__2.0y__CVE-2025-0447.json"
  }
}