{
  "prediction": {
    "Trend": "Monotonic",
    "Model": "blackboxai",
    "WindowYears": 0.5,
    "WindowDays": 182,
    "CVE": "CVE-2025-0470",
    "TargetDate": "2025-07-11",
    "Pred": 0.0006999999999999999,
    "Actual": 0.0017000000000000001,
    "AbsError": 0.0010000000000000002,
    "SqError": 1.0000000000000004e-06,
    "PctError": 58.82352941176472,
    "PredDir": -1,
    "ActualDir": 1,
    "DirCorrect": 0,
    "HistoryPoints": 11,
    "LLM_Used": 0,
    "InputsPath": "/home/xiaoqun/RQ3_Experimants/results_rq3_exp2_windows/llm_inputs/Monotonic__blackboxai__0.5y__CVE-2025-0470.json"
  }
}