{
  "prediction": {
    "Trend": "Monotonic",
    "Model": "gpt-4",
    "WindowYears": 2.0,
    "WindowDays": 730,
    "CVE": "CVE-2025-0106",
    "TargetDate": "2025-06-21",
    "Pred": 0.0016,
    "Actual": 0.0017000000000000001,
    "AbsError": 0.00010000000000000005,
    "SqError": 1.0000000000000008e-08,
    "PctError": 5.882352941176473,
    "PredDir": 1,
    "ActualDir": 1,
    "DirCorrect": 1,
    "HistoryPoints": 7,
    "LLM_Used": 1,
    "InputsPath": "/home/xiaoqun/RQ3_Experimants/results_rq3_exp2_windows/llm_inputs/Monotonic__gpt-4__2.0y__CVE-2025-0106.json"
  }
}