{
  "prediction": {
    "Trend": "Monotonic",
    "Model": "gpt-4",
    "WindowYears": 1.0,
    "WindowDays": 365,
    "CVE": "CVE-2025-0521",
    "TargetDate": "2025-07-18",
    "Pred": 0.0013,
    "Actual": 0.0014000000000000002,
    "AbsError": 0.00010000000000000026,
    "SqError": 1.0000000000000053e-08,
    "PctError": 7.14285714285716,
    "PredDir": 1,
    "ActualDir": 1,
    "DirCorrect": 1,
    "HistoryPoints": 10,
    "LLM_Used": 1,
    "InputsPath": "/home/xiaoqun/RQ3_Experimants/results_rq3_exp2_windows/llm_inputs/Monotonic__gpt-4__1.0y__CVE-2025-0521.json"
  }
}