{
  "prediction": {
    "Trend": "Monotonic",
    "Model": "gpt-4",
    "WindowYears": 0.5,
    "WindowDays": 182,
    "CVE": "CVE-2025-0444",
    "TargetDate": "2025-07-19",
    "Pred": 0.004,
    "Actual": 0.0028000000000000004,
    "AbsError": 0.0011999999999999997,
    "SqError": 1.4399999999999991e-06,
    "PctError": 42.85714285714284,
    "PredDir": 1,
    "ActualDir": -1,
    "DirCorrect": 0,
    "HistoryPoints": 12,
    "LLM_Used": 1,
    "InputsPath": "/home/xiaoqun/RQ3_Experimants/results_rq3_exp2_windows/llm_inputs/Monotonic__gpt-4__0.5y__CVE-2025-0444.json"
  }
}