{
  "prediction": {
    "Trend": "Monotonic",
    "Model": "gpt-4o",
    "WindowYears": 2.0,
    "WindowDays": 730,
    "CVE": "CVE-2025-0444",
    "TargetDate": "2025-07-19",
    "Pred": 0.0035,
    "Actual": 0.0028000000000000004,
    "AbsError": 0.0006999999999999997,
    "SqError": 4.899999999999995e-07,
    "PctError": 24.999999999999982,
    "PredDir": 1,
    "ActualDir": -1,
    "DirCorrect": 0,
    "HistoryPoints": 12,
    "LLM_Used": 1,
    "InputsPath": "/home/xiaoqun/RQ3_Experimants/results_rq3_exp2_windows/llm_inputs/Monotonic__gpt-4o__2.0y__CVE-2025-0444.json"
  }
}