{
  "prediction": {
    "Trend": "Monotonic",
    "Model": "gpt-4",
    "WindowYears": 2.0,
    "WindowDays": 730,
    "CVE": "CVE-2025-0528",
    "TargetDate": "2025-06-27",
    "Pred": 0.0092,
    "Actual": 0.010700000000000001,
    "AbsError": 0.0015000000000000013,
    "SqError": 2.250000000000004e-06,
    "PctError": 14.018691588785057,
    "PredDir": 1,
    "ActualDir": 1,
    "DirCorrect": 1,
    "HistoryPoints": 9,
    "LLM_Used": 1,
    "InputsPath": "/home/xiaoqun/RQ3_Experimants/results_rq3_exp2_windows/llm_inputs/Monotonic__gpt-4__2.0y__CVE-2025-0528.json"
  }
}