{
  "prediction": {
    "Trend": "Stable",
    "Model": "blackboxai",
    "WindowYears": 0.5,
    "WindowDays": 182,
    "CVE": "CVE-2025-0065",
    "TargetDate": "2025-07-08",
    "Pred": 0.0004999999999999998,
    "Actual": 0.0007000000000000001,
    "AbsError": 0.0002000000000000003,
    "SqError": 4.000000000000012e-08,
    "PctError": 28.57142857142861,
    "PredDir": -1,
    "ActualDir": 1,
    "DirCorrect": 0,
    "HistoryPoints": 14,
    "LLM_Used": 0,
    "InputsPath": "/home/xiaoqun/RQ3_Experimants/results_rq3_exp2_windows/llm_inputs/Stable__blackboxai__0.5y__CVE-2025-0065.json"
  }
}