{
  "prediction": {
    "Trend": "Stable",
    "Model": "blackboxai",
    "WindowYears": 2.0,
    "WindowDays": 730,
    "CVE": "CVE-2025-0066",
    "TargetDate": "2025-06-24",
    "Pred": 0.00039999999999999986,
    "Actual": 0.0008,
    "AbsError": 0.0004000000000000002,
    "SqError": 1.6000000000000014e-07,
    "PctError": 50.00000000000002,
    "PredDir": -1,
    "ActualDir": 1,
    "DirCorrect": 0,
    "HistoryPoints": 9,
    "LLM_Used": 0,
    "InputsPath": "/home/xiaoqun/RQ3_Experimants/results_rq3_exp2_windows/llm_inputs/Stable__blackboxai__2.0y__CVE-2025-0066.json"
  }
}