{
  "prediction": {
    "Trend": "Stable",
    "Model": "blackboxai",
    "WindowYears": 0.5,
    "WindowDays": 182,
    "CVE": "CVE-2025-0063",
    "TargetDate": "2025-06-24",
    "Pred": 0.0012000000000000001,
    "Actual": 0.0014000000000000002,
    "AbsError": 0.0002000000000000001,
    "SqError": 4.0000000000000034e-08,
    "PctError": 14.28571428571429,
    "PredDir": 1,
    "ActualDir": 1,
    "DirCorrect": 1,
    "HistoryPoints": 10,
    "LLM_Used": 0,
    "InputsPath": "/home/xiaoqun/RQ3_Experimants/results_rq3_exp2_windows/llm_inputs/Stable__blackboxai__0.5y__CVE-2025-0063.json"
  }
}