{
  "prediction": {
    "Trend": "Stable",
    "Model": "blackboxai",
    "WindowYears": 1.0,
    "WindowDays": 365,
    "CVE": "CVE-2025-0073",
    "TargetDate": "2025-07-04",
    "Pred": 0.00030000000000000003,
    "Actual": 0.0002,
    "AbsError": 0.00010000000000000002,
    "SqError": 1.0000000000000004e-08,
    "PctError": 50.000000000000014,
    "PredDir": 1,
    "ActualDir": -1,
    "DirCorrect": 0,
    "HistoryPoints": 2,
    "LLM_Used": 0,
    "InputsPath": "/home/xiaoqun/RQ3_Experimants/results_rq3_exp2_windows/llm_inputs/Stable__blackboxai__1.0y__CVE-2025-0073.json"
  }
}