{
  "prediction": {
    "Trend": "Stable",
    "Model": "blackboxai",
    "WindowYears": 1.0,
    "WindowDays": 365,
    "CVE": "CVE-2025-0113",
    "TargetDate": "2025-07-23",
    "Pred": 0.0006000000000000002,
    "Actual": 0.0008,
    "AbsError": 0.00019999999999999987,
    "SqError": 3.999999999999995e-08,
    "PctError": 24.999999999999982,
    "PredDir": -1,
    "ActualDir": 1,
    "DirCorrect": 0,
    "HistoryPoints": 10,
    "LLM_Used": 0,
    "InputsPath": "/home/xiaoqun/RQ3_Experimants/results_rq3_exp2_windows/llm_inputs/Stable__blackboxai__1.0y__CVE-2025-0113.json"
  }
}