{
  "prediction": {
    "Trend": "Stable",
    "Model": "blackboxai",
    "WindowYears": 2.0,
    "WindowDays": 730,
    "CVE": "CVE-2025-0130",
    "TargetDate": "2025-07-21",
    "Pred": 0.0009000000000000002,
    "Actual": 0.0007000000000000001,
    "AbsError": 0.0002000000000000001,
    "SqError": 4.0000000000000034e-08,
    "PctError": 28.57142857142858,
    "PredDir": 1,
    "ActualDir": -1,
    "DirCorrect": 0,
    "HistoryPoints": 2,
    "LLM_Used": 0,
    "InputsPath": "/home/xiaoqun/RQ3_Experimants/results_rq3_exp2_windows/llm_inputs/Stable__blackboxai__2.0y__CVE-2025-0130.json"
  }
}