{
  "prediction": {
    "Trend": "Stable",
    "Model": "gemini-1.5-pro",
    "WindowYears": 2.0,
    "WindowDays": 730,
    "CVE": "CVE-2025-0065",
    "TargetDate": "2025-07-08",
    "Pred": 0.001,
    "Actual": 0.0007000000000000001,
    "AbsError": 0.0002999999999999999,
    "SqError": 8.999999999999995e-08,
    "PctError": 42.85714285714284,
    "PredDir": 1,
    "ActualDir": 1,
    "DirCorrect": 1,
    "HistoryPoints": 14,
    "LLM_Used": 1,
    "InputsPath": "/home/xiaoqun/RQ3_Experimants/results_rq3_exp2_windows/llm_inputs/Stable__gemini-1.5-pro__2.0y__CVE-2025-0065.json"
  }
}