{
  "prediction": {
    "Trend": "Stable",
    "Model": "gpt-4o",
    "WindowYears": 0.5,
    "WindowDays": 182,
    "CVE": "CVE-2025-0127",
    "TargetDate": "2025-06-18",
    "Pred": 0.0016000000000000003,
    "Actual": 0.0018,
    "AbsError": 0.00019999999999999966,
    "SqError": 3.999999999999986e-08,
    "PctError": 11.111111111111093,
    "PredDir": -1,
    "ActualDir": 1,
    "DirCorrect": 0,
    "HistoryPoints": 2,
    "LLM_Used": 0,
    "InputsPath": "/home/xiaoqun/RQ3_Experimants/results_rq3_exp2_windows/llm_inputs/Stable__gpt-4o__0.5y__CVE-2025-0127.json"
  }
}