{
  "prediction": {
    "Trend": "Stable",
    "Model": "blackboxai",
    "WindowYears": 2.0,
    "WindowDays": 730,
    "CVE": "CVE-2025-0060",
    "TargetDate": "2025-06-24",
    "Pred": 0.0002000000000000001,
    "Actual": 0.0005,
    "AbsError": 0.0002999999999999999,
    "SqError": 8.999999999999995e-08,
    "PctError": 59.999999999999986,
    "PredDir": -1,
    "ActualDir": 1,
    "DirCorrect": 0,
    "HistoryPoints": 6,
    "LLM_Used": 0,
    "InputsPath": "/home/xiaoqun/RQ3_Experimants/results_rq3_exp2_windows/llm_inputs/Stable__blackboxai__2.0y__CVE-2025-0060.json"
  }
}