{
  "prediction": {
    "Trend": "Stable",
    "Model": "gpt-4",
    "WindowYears": 1.0,
    "WindowDays": 365,
    "CVE": "CVE-2025-0063",
    "TargetDate": "2025-06-24",
    "Pred": 0.0012,
    "Actual": 0.0014000000000000002,
    "AbsError": 0.0002000000000000003,
    "SqError": 4.000000000000012e-08,
    "PctError": 14.285714285714304,
    "PredDir": 1,
    "ActualDir": 1,
    "DirCorrect": 1,
    "HistoryPoints": 10,
    "LLM_Used": 1,
    "InputsPath": "/home/xiaoqun/RQ3_Experimants/results_rq3_exp2_windows/llm_inputs/Stable__gpt-4__1.0y__CVE-2025-0063.json"
  }
}