{
  "prediction": {
    "Trend": "Stable",
    "Model": "blackboxai",
    "WindowYears": 0.5,
    "WindowDays": 182,
    "CVE": "CVE-2025-0062",
    "TargetDate": "2025-07-11",
    "Pred": 0.0006000000000000001,
    "Actual": 0.0006,
    "AbsError": 1.0842021724855044e-19,
    "SqError": 1.1754943508222875e-38,
    "PctError": 1.8070036208091743e-14,
    "PredDir": 1,
    "ActualDir": 1,
    "DirCorrect": 1,
    "HistoryPoints": 5,
    "LLM_Used": 0,
    "InputsPath": "/home/xiaoqun/RQ3_Experimants/results_rq3_exp2_windows/llm_inputs/Stable__blackboxai__0.5y__CVE-2025-0062.json"
  }
}