{
  "prediction": {
    "Trend": "Stable",
    "Model": "command-r",
    "WindowYears": 1.0,
    "WindowDays": 365,
    "CVE": "CVE-2025-0065",
    "TargetDate": "2025-07-08",
    "Pred": 0.0006,
    "Actual": 0.0007000000000000001,
    "AbsError": 0.00010000000000000015,
    "SqError": 1.000000000000003e-08,
    "PctError": 14.285714285714304,
    "PredDir": -1,
    "ActualDir": 1,
    "DirCorrect": 0,
    "HistoryPoints": 14,
    "LLM_Used": 1,
    "InputsPath": "/home/xiaoqun/RQ3_Experimants/results_rq3_exp2_windows/llm_inputs/Stable__command-r__1.0y__CVE-2025-0065.json"
  }
}