{
  "prediction": {
    "Trend": "Sudden_Change",
    "Model": "gpt-4o",
    "WindowYears": 2.0,
    "WindowDays": 730,
    "CVE": "CVE-2025-1098",
    "TargetDate": "2025-07-24",
    "Pred": 0.3702,
    "Actual": 0.35240000000000005,
    "AbsError": 0.017799999999999927,
    "SqError": 0.0003168399999999974,
    "PctError": 5.0510783200907845,
    "PredDir": 1,
    "ActualDir": -1,
    "DirCorrect": 0,
    "HistoryPoints": 21,
    "LLM_Used": 1,
    "InputsPath": "/home/xiaoqun/RQ3_Experimants/results_rq3_exp2_windows/llm_inputs/Sudden_Change__gpt-4o__2.0y__CVE-2025-1098.json"
  }
}