{
  "prediction": {
    "Trend": "Sudden_Change",
    "Model": "gpt-4",
    "WindowYears": 1.0,
    "WindowDays": 365,
    "CVE": "CVE-2025-1338",
    "TargetDate": "2025-07-27",
    "Pred": 0.0418,
    "Actual": 0.027200000000000002,
    "AbsError": 0.014599999999999995,
    "SqError": 0.00021315999999999986,
    "PctError": 53.67647058823527,
    "PredDir": 1,
    "ActualDir": -1,
    "DirCorrect": 0,
    "HistoryPoints": 10,
    "LLM_Used": 1,
    "InputsPath": "/home/xiaoqun/RQ3_Experimants/results_rq3_exp2_windows/llm_inputs/Sudden_Change__gpt-4__1.0y__CVE-2025-1338.json"
  }
}