{
  "prediction": {
    "Trend": "Sudden_Change",
    "Model": "gpt-4",
    "WindowYears": 2.0,
    "WindowDays": 730,
    "CVE": "CVE-2025-0868",
    "TargetDate": "2025-07-20",
    "Pred": 0.159,
    "Actual": 0.11800000000000001,
    "AbsError": 0.040999999999999995,
    "SqError": 0.0016809999999999996,
    "PctError": 34.745762711864394,
    "PredDir": 1,
    "ActualDir": -1,
    "DirCorrect": 0,
    "HistoryPoints": 16,
    "LLM_Used": 1,
    "InputsPath": "/home/xiaoqun/RQ3_Experimants/results_rq3_exp2_windows/llm_inputs/Sudden_Change__gpt-4__2.0y__CVE-2025-0868.json"
  }
}