{
  "prediction": {
    "Trend": "Sudden_Change",
    "Model": "blackboxai",
    "WindowYears": 2.0,
    "WindowDays": 730,
    "CVE": "CVE-2025-2096",
    "TargetDate": "2025-07-07",
    "Pred": 0.008499999999999997,
    "Actual": 0.014499999999999999,
    "AbsError": 0.006000000000000002,
    "SqError": 3.600000000000002e-05,
    "PctError": 41.3793103448276,
    "PredDir": -1,
    "ActualDir": 1,
    "DirCorrect": 0,
    "HistoryPoints": 8,
    "LLM_Used": 0,
    "InputsPath": "/home/xiaoqun/RQ3_Experimants/results_rq3_exp2_windows/llm_inputs/Sudden_Change__blackboxai__2.0y__CVE-2025-2096.json"
  }
}