{
  "prediction": {
    "Trend": "Sudden_Change",
    "Model": "gpt-4o",
    "WindowYears": 0.5,
    "WindowDays": 182,
    "CVE": "CVE-2025-0308",
    "TargetDate": "2025-07-04",
    "Pred": 0.0013,
    "Actual": 0.0017000000000000001,
    "AbsError": 0.0004000000000000002,
    "SqError": 1.6000000000000014e-07,
    "PctError": 23.52941176470589,
    "PredDir": 1,
    "ActualDir": 1,
    "DirCorrect": 1,
    "HistoryPoints": 16,
    "LLM_Used": 1,
    "InputsPath": "/home/xiaoqun/RQ3_Experimants/results_rq3_exp2_windows/llm_inputs/Sudden_Change__gpt-4o__0.5y__CVE-2025-0308.json"
  }
}