{
  "prediction": {
    "Trend": "Sudden_Change",
    "Model": "gpt-4o",
    "WindowYears": 2.0,
    "WindowDays": 730,
    "CVE": "CVE-2025-1800",
    "TargetDate": "2025-07-01",
    "Pred": 0.0279,
    "Actual": 0.0007000000000000001,
    "AbsError": 0.027200000000000002,
    "SqError": 0.0007398400000000001,
    "PctError": 3885.7142857142853,
    "PredDir": 1,
    "ActualDir": 1,
    "DirCorrect": 1,
    "HistoryPoints": 8,
    "LLM_Used": 1,
    "InputsPath": "/home/xiaoqun/RQ3_Experimants/results_rq3_exp2_windows/llm_inputs/Sudden_Change__gpt-4o__2.0y__CVE-2025-1800.json"
  }
}