{
  "prediction": {
    "Trend": "Sudden_Change",
    "Model": "gpt-4o",
    "WindowYears": 0.5,
    "WindowDays": 182,
    "CVE": "CVE-2025-1338",
    "TargetDate": "2025-07-27",
    "Pred": 0.0239,
    "Actual": 0.027200000000000002,
    "AbsError": 0.003300000000000001,
    "SqError": 1.0890000000000006e-05,
    "PctError": 12.132352941176473,
    "PredDir": -1,
    "ActualDir": -1,
    "DirCorrect": 1,
    "HistoryPoints": 10,
    "LLM_Used": 1,
    "InputsPath": "/home/xiaoqun/RQ3_Experimants/results_rq3_exp2_windows/llm_inputs/Sudden_Change__gpt-4o__0.5y__CVE-2025-1338.json"
  }
}