{
  "prediction": {
    "Trend": "Sudden_Change",
    "Model": "gpt-4",
    "WindowYears": 0.5,
    "WindowDays": 182,
    "CVE": "CVE-2025-2095",
    "TargetDate": "2025-07-07",
    "Pred": 0.0146,
    "Actual": 0.014499999999999999,
    "AbsError": 0.00010000000000000113,
    "SqError": 1.0000000000000225e-08,
    "PctError": 0.6896551724138009,
    "PredDir": 1,
    "ActualDir": 1,
    "DirCorrect": 1,
    "HistoryPoints": 8,
    "LLM_Used": 1,
    "InputsPath": "/home/xiaoqun/RQ3_Experimants/results_rq3_exp2_windows/llm_inputs/Sudden_Change__gpt-4__0.5y__CVE-2025-2095.json"
  }
}