{
  "prediction": {
    "Trend": "Sudden_Change",
    "Model": "gpt-4",
    "WindowYears": 2.0,
    "WindowDays": 730,
    "CVE": "CVE-2025-1098",
    "TargetDate": "2025-07-24",
    "Pred": 0.4128,
    "Actual": 0.35240000000000005,
    "AbsError": 0.060399999999999954,
    "SqError": 0.0036481599999999945,
    "PctError": 17.139614074914856,
    "PredDir": 1,
    "ActualDir": -1,
    "DirCorrect": 0,
    "HistoryPoints": 21,
    "LLM_Used": 1,
    "InputsPath": "/home/xiaoqun/RQ3_Experimants/results_rq3_exp2_windows/llm_inputs/Sudden_Change__gpt-4__2.0y__CVE-2025-1098.json"
  }
}