{
  "prediction": {
    "Trend": "Sudden_Change",
    "Model": "blackboxai",
    "WindowYears": 1.0,
    "WindowDays": 365,
    "CVE": "CVE-2025-1829",
    "TargetDate": "2025-07-02",
    "Pred": 0.005999999999999998,
    "Actual": 0.013300000000000001,
    "AbsError": 0.007300000000000003,
    "SqError": 5.329000000000004e-05,
    "PctError": 54.887218045112796,
    "PredDir": -1,
    "ActualDir": 1,
    "DirCorrect": 0,
    "HistoryPoints": 10,
    "LLM_Used": 0,
    "InputsPath": "/home/xiaoqun/RQ3_Experimants/results_rq3_exp2_windows/llm_inputs/Sudden_Change__blackboxai__1.0y__CVE-2025-1829.json"
  }
}