{
  "prediction": {
    "Trend": "Sudden_Change",
    "Model": "blackboxai",
    "WindowYears": 1.0,
    "WindowDays": 365,
    "CVE": "CVE-2025-1098",
    "TargetDate": "2025-07-24",
    "Pred": 0.37539999999999996,
    "Actual": 0.35240000000000005,
    "AbsError": 0.02299999999999991,
    "SqError": 0.0005289999999999958,
    "PctError": 6.526674233825172,
    "PredDir": 1,
    "ActualDir": -1,
    "DirCorrect": 0,
    "HistoryPoints": 21,
    "LLM_Used": 0,
    "InputsPath": "/home/xiaoqun/RQ3_Experimants/results_rq3_exp2_windows/llm_inputs/Sudden_Change__blackboxai__1.0y__CVE-2025-1098.json"
  }
}