{
  "prediction": {
    "Trend": "Sudden_Change",
    "Model": "gpt-4",
    "WindowYears": 0.5,
    "WindowDays": 182,
    "CVE": "CVE-2025-1829",
    "TargetDate": "2025-07-02",
    "Pred": 0.015,
    "Actual": 0.013300000000000001,
    "AbsError": 0.0016999999999999984,
    "SqError": 2.8899999999999944e-06,
    "PctError": 12.781954887218033,
    "PredDir": 1,
    "ActualDir": 1,
    "DirCorrect": 1,
    "HistoryPoints": 10,
    "LLM_Used": 1,
    "InputsPath": "/home/xiaoqun/RQ3_Experimants/results_rq3_exp2_windows/llm_inputs/Sudden_Change__gpt-4__0.5y__CVE-2025-1829.json"
  }
}