{
  "prediction": {
    "Trend": "Sudden_Change",
    "Model": "gpt-4",
    "WindowYears": 0.5,
    "WindowDays": 182,
    "CVE": "CVE-2025-1338",
    "TargetDate": "2025-07-27",
    "Pred": 0.026,
    "Actual": 0.027200000000000002,
    "AbsError": 0.0012000000000000031,
    "SqError": 1.4400000000000076e-06,
    "PctError": 4.411764705882364,
    "PredDir": -1,
    "ActualDir": -1,
    "DirCorrect": 1,
    "HistoryPoints": 10,
    "LLM_Used": 1,
    "InputsPath": "/home/xiaoqun/RQ3_Experimants/results_rq3_exp2_windows/llm_inputs/Sudden_Change__gpt-4__0.5y__CVE-2025-1338.json"
  }
}