{
  "prediction": {
    "Trend": "Sudden_Change",
    "Model": "gpt-4",
    "WindowYears": 0.5,
    "WindowDays": 182,
    "CVE": "CVE-2025-1098",
    "TargetDate": "2025-07-24",
    "Pred": 0.3886,
    "Actual": 0.35240000000000005,
    "AbsError": 0.036199999999999954,
    "SqError": 0.0013104399999999967,
    "PctError": 10.27241770715095,
    "PredDir": 1,
    "ActualDir": -1,
    "DirCorrect": 0,
    "HistoryPoints": 21,
    "LLM_Used": 1,
    "InputsPath": "/home/xiaoqun/RQ3_Experimants/results_rq3_exp2_windows/llm_inputs/Sudden_Change__gpt-4__0.5y__CVE-2025-1098.json"
  }
}