{
  "prediction": {
    "Trend": "Sudden_Change",
    "Model": "gpt-4o",
    "WindowYears": 2.0,
    "WindowDays": 730,
    "CVE": "CVE-2025-1743",
    "TargetDate": "2025-07-27",
    "Pred": 0.0642,
    "Actual": 0.029300000000000003,
    "AbsError": 0.03489999999999999,
    "SqError": 0.001218009999999999,
    "PctError": 119.11262798634807,
    "PredDir": 1,
    "ActualDir": -1,
    "DirCorrect": 0,
    "HistoryPoints": 11,
    "LLM_Used": 1,
    "InputsPath": "/home/xiaoqun/RQ3_Experimants/results_rq3_exp2_windows/llm_inputs/Sudden_Change__gpt-4o__2.0y__CVE-2025-1743.json"
  }
}