{
  "prediction": {
    "Trend": "Sudden_Change",
    "Model": "blackboxai",
    "WindowYears": 0.5,
    "WindowDays": 182,
    "CVE": "CVE-2025-0308",
    "TargetDate": "2025-07-04",
    "Pred": 0.0009000000000000002,
    "Actual": 0.0017000000000000001,
    "AbsError": 0.0007999999999999999,
    "SqError": 6.399999999999999e-07,
    "PctError": 47.05882352941176,
    "PredDir": -1,
    "ActualDir": 1,
    "DirCorrect": 0,
    "HistoryPoints": 16,
    "LLM_Used": 0,
    "InputsPath": "/home/xiaoqun/RQ3_Experimants/results_rq3_exp2_windows/llm_inputs/Sudden_Change__blackboxai__0.5y__CVE-2025-0308.json"
  }
}