{
  "prediction": {
    "Trend": "Sudden_Change",
    "Model": "gpt-4o",
    "WindowYears": 1.0,
    "WindowDays": 365,
    "CVE": "CVE-2025-1743",
    "TargetDate": "2025-07-27",
    "Pred": 0.013500000000000005,
    "Actual": 0.029300000000000003,
    "AbsError": 0.015799999999999998,
    "SqError": 0.0002496399999999999,
    "PctError": 53.92491467576791,
    "PredDir": -1,
    "ActualDir": -1,
    "DirCorrect": 1,
    "HistoryPoints": 11,
    "LLM_Used": 0,
    "InputsPath": "/home/xiaoqun/RQ3_Experimants/results_rq3_exp2_windows/llm_inputs/Sudden_Change__gpt-4o__1.0y__CVE-2025-1743.json"
  }
}