{
  "prediction": {
    "Trend": "Sudden_Change",
    "Model": "gpt-4o",
    "WindowYears": 2.0,
    "WindowDays": 730,
    "CVE": "CVE-2025-1094",
    "TargetDate": "2025-07-25",
    "Pred": 0.8126,
    "Actual": 0.8231999999999999,
    "AbsError": 0.010599999999999943,
    "SqError": 0.00011235999999999878,
    "PctError": 1.2876579203109746,
    "PredDir": -1,
    "ActualDir": 1,
    "DirCorrect": 0,
    "HistoryPoints": 12,
    "LLM_Used": 1,
    "InputsPath": "/home/xiaoqun/RQ3_Experimants/results_rq3_exp2_windows/llm_inputs/Sudden_Change__gpt-4o__2.0y__CVE-2025-1094.json"
  }
}