{
  "prediction": {
    "Trend": "Sudden_Change",
    "Model": "gpt-4o",
    "WindowYears": 0.5,
    "WindowDays": 182,
    "CVE": "CVE-2025-1661",
    "TargetDate": "2025-07-21",
    "Pred": 0.8742,
    "Actual": 0.8737999999999999,
    "AbsError": 0.00040000000000006697,
    "SqError": 1.6000000000005358e-07,
    "PctError": 0.04577706569009694,
    "PredDir": 1,
    "ActualDir": 1,
    "DirCorrect": 1,
    "HistoryPoints": 23,
    "LLM_Used": 1,
    "InputsPath": "/home/xiaoqun/RQ3_Experimants/results_rq3_exp2_windows/llm_inputs/Sudden_Change__gpt-4o__0.5y__CVE-2025-1661.json"
  }
}