{
  "prediction": {
    "Trend": "Sudden_Change",
    "Model": "blackboxai",
    "WindowYears": 2.0,
    "WindowDays": 730,
    "CVE": "CVE-2025-2094",
    "TargetDate": "2025-07-07",
    "Pred": 0.019399999999999997,
    "Actual": 0.019799999999999998,
    "AbsError": 0.00040000000000000105,
    "SqError": 1.6000000000000085e-07,
    "PctError": 2.0202020202020257,
    "PredDir": 1,
    "ActualDir": 1,
    "DirCorrect": 1,
    "HistoryPoints": 9,
    "LLM_Used": 0,
    "InputsPath": "/home/xiaoqun/RQ3_Experimants/results_rq3_exp2_windows/llm_inputs/Sudden_Change__blackboxai__2.0y__CVE-2025-2094.json"
  }
}