{
  "prediction": {
    "Trend": "Sudden_Change",
    "Model": "gpt-4o",
    "WindowYears": 2.0,
    "WindowDays": 730,
    "CVE": "CVE-2025-1829",
    "TargetDate": "2025-07-02",
    "Pred": 0.011,
    "Actual": 0.013300000000000001,
    "AbsError": 0.0023000000000000017,
    "SqError": 5.290000000000008e-06,
    "PctError": 17.293233082706777,
    "PredDir": 1,
    "ActualDir": 1,
    "DirCorrect": 1,
    "HistoryPoints": 10,
    "LLM_Used": 1,
    "InputsPath": "/home/xiaoqun/RQ3_Experimants/results_rq3_exp2_windows/llm_inputs/Sudden_Change__gpt-4o__2.0y__CVE-2025-1829.json"
  }
}