{
  "prediction": {
    "Trend": "Sudden_Change",
    "Model": "gpt-4",
    "WindowYears": 0.5,
    "WindowDays": 182,
    "CVE": "CVE-2025-2096",
    "TargetDate": "2025-07-07",
    "Pred": 0.011,
    "Actual": 0.014499999999999999,
    "AbsError": 0.0034999999999999996,
    "SqError": 1.2249999999999998e-05,
    "PctError": 24.137931034482758,
    "PredDir": -1,
    "ActualDir": 1,
    "DirCorrect": 0,
    "HistoryPoints": 8,
    "LLM_Used": 1,
    "InputsPath": "/home/xiaoqun/RQ3_Experimants/results_rq3_exp2_windows/llm_inputs/Sudden_Change__gpt-4__0.5y__CVE-2025-2096.json"
  }
}