{
  "prediction": {
    "Trend": "Sudden_Change",
    "Model": "gpt-4o",
    "WindowYears": 2.0,
    "WindowDays": 730,
    "CVE": "CVE-2025-1661",
    "TargetDate": "2025-07-21",
    "Pred": 0.8705,
    "Actual": 0.8737999999999999,
    "AbsError": 0.0032999999999998586,
    "SqError": 1.0889999999999067e-05,
    "PctError": 0.37766079194322033,
    "PredDir": -1,
    "ActualDir": 1,
    "DirCorrect": 0,
    "HistoryPoints": 23,
    "LLM_Used": 0,
    "InputsPath": "/home/xiaoqun/RQ3_Experimants/results_rq3_exp2_windows/llm_inputs/Sudden_Change__gpt-4o__2.0y__CVE-2025-1661.json"
  }
}