{
  "prediction": {
    "Trend": "Sudden_Change",
    "Model": "gpt-4",
    "WindowYears": 2.0,
    "WindowDays": 730,
    "CVE": "CVE-2025-1743",
    "TargetDate": "2025-07-27",
    "Pred": 0.0429,
    "Actual": 0.029300000000000003,
    "AbsError": 0.013599999999999998,
    "SqError": 0.00018495999999999994,
    "PctError": 46.416382252559714,
    "PredDir": 1,
    "ActualDir": -1,
    "DirCorrect": 0,
    "HistoryPoints": 11,
    "LLM_Used": 1,
    "InputsPath": "/home/xiaoqun/RQ3_Experimants/results_rq3_exp2_windows/llm_inputs/Sudden_Change__gpt-4__2.0y__CVE-2025-1743.json"
  }
}