{
  "prediction": {
    "Trend": "Sudden_Change",
    "Model": "gpt-4",
    "WindowYears": 1.0,
    "WindowDays": 365,
    "CVE": "CVE-2025-0308",
    "TargetDate": "2025-07-04",
    "Pred": 0.0029,
    "Actual": 0.0017000000000000001,
    "AbsError": 0.0011999999999999997,
    "SqError": 1.4399999999999991e-06,
    "PctError": 70.58823529411762,
    "PredDir": 1,
    "ActualDir": 1,
    "DirCorrect": 1,
    "HistoryPoints": 16,
    "LLM_Used": 1,
    "InputsPath": "/home/xiaoqun/RQ3_Experimants/results_rq3_exp2_windows/llm_inputs/Sudden_Change__gpt-4__1.0y__CVE-2025-0308.json"
  }
}