{
  "prediction": {
    "Trend": "Monotonic",
    "Model": "command-r",
    "CVE": "CVE-2025-0394",
    "TargetDate": "2025-06-24",
    "Pred": 0.0038,
    "Actual": 0.0055000000000000005,
    "AbsError": 0.0017000000000000006,
    "SqError": 2.890000000000002e-06,
    "PctError": 30.909090909090914,
    "PredDir": 1,
    "ActualDir": 1,
    "DirCorrect": 1,
    "HistoryPoints": 9,
    "LLM_Used": 1,
    "InputsPath": "/home/xiaoqun/RQ3_Experimants/results_rq3_exp1_llm/llm_inputs/Monotonic__command-r__CVE-2025-0394.json"
  }
}