{
  "prediction": {
    "Trend": "Monotonic",
    "Model": "gemini-1.5-pro",
    "CVE": "CVE-2025-0444",
    "TargetDate": "2025-07-19",
    "Pred": 0.003,
    "Actual": 0.0028000000000000004,
    "AbsError": 0.00019999999999999966,
    "SqError": 3.999999999999986e-08,
    "PctError": 7.14285714285713,
    "PredDir": -1,
    "ActualDir": -1,
    "DirCorrect": 1,
    "HistoryPoints": 12,
    "LLM_Used": 1,
    "InputsPath": "/home/xiaoqun/RQ3_Experimants/results_rq3_exp1_llm/llm_inputs/Monotonic__gemini-1.5-pro__CVE-2025-0444.json"
  }
}