{
  "prediction": {
    "Trend": "Monotonic",
    "Model": "blackboxai",
    "CVE": "CVE-2025-0366",
    "TargetDate": "2025-07-12",
    "Pred": 0.0123,
    "Actual": 0.011200000000000002,
    "AbsError": 0.0010999999999999985,
    "SqError": 1.2099999999999969e-06,
    "PctError": 9.821428571428557,
    "PredDir": -1,
    "ActualDir": -1,
    "DirCorrect": 1,
    "HistoryPoints": 15,
    "LLM_Used": 0,
    "InputsPath": "/home/xiaoqun/RQ3_Experimants/results_rq3_exp1_llm/llm_inputs/Monotonic__blackboxai__CVE-2025-0366.json"
  }
}