{
  "prediction": {
    "Trend": "Monotonic",
    "Model": "command-r",
    "CVE": "CVE-2025-0447",
    "TargetDate": "2025-07-17",
    "Pred": 0.0028,
    "Actual": 0.0034999999999999996,
    "AbsError": 0.0006999999999999997,
    "SqError": 4.899999999999995e-07,
    "PctError": 19.999999999999993,
    "PredDir": -1,
    "ActualDir": 1,
    "DirCorrect": 0,
    "HistoryPoints": 11,
    "LLM_Used": 1,
    "InputsPath": "/home/xiaoqun/RQ3_Experimants/results_rq3_exp1_llm/llm_inputs/Monotonic__command-r__CVE-2025-0447.json"
  }
}