{
  "prediction": {
    "Trend": "Monotonic",
    "Model": "gpt-4",
    "CVE": "CVE-2025-0366",
    "TargetDate": "2025-07-12",
    "Pred": 0.0169,
    "Actual": 0.011200000000000002,
    "AbsError": 0.005699999999999997,
    "SqError": 3.248999999999996e-05,
    "PctError": 50.8928571428571,
    "PredDir": 1,
    "ActualDir": -1,
    "DirCorrect": 0,
    "HistoryPoints": 15,
    "LLM_Used": 1,
    "InputsPath": "/home/xiaoqun/RQ3_Experimants/results_rq3_exp1_llm/llm_inputs/Monotonic__gpt-4__CVE-2025-0366.json"
  }
}