{
  "prediction": {
    "Trend": "Monotonic",
    "Model": "gpt-4o",
    "CVE": "CVE-2025-0521",
    "TargetDate": "2025-07-18",
    "Pred": 0.0007,
    "Actual": 0.0014000000000000002,
    "AbsError": 0.0007000000000000002,
    "SqError": 4.900000000000003e-07,
    "PctError": 50.000000000000014,
    "PredDir": -1,
    "ActualDir": 1,
    "DirCorrect": 0,
    "HistoryPoints": 10,
    "LLM_Used": 1,
    "InputsPath": "/home/xiaoqun/RQ3_Experimants/results_rq3_exp1_llm/llm_inputs/Monotonic__gpt-4o__CVE-2025-0521.json"
  }
}