{
  "prediction": {
    "Trend": "Monotonic",
    "Model": "blackboxai",
    "CVE": "CVE-2025-0471",
    "TargetDate": "2025-06-26",
    "Pred": 0.0032999999999999995,
    "Actual": 0.0031,
    "AbsError": 0.00019999999999999966,
    "SqError": 3.999999999999986e-08,
    "PctError": 6.451612903225795,
    "PredDir": 1,
    "ActualDir": 1,
    "DirCorrect": 1,
    "HistoryPoints": 8,
    "LLM_Used": 0,
    "InputsPath": "/home/xiaoqun/RQ3_Experimants/results_rq3_exp1_llm/llm_inputs/Monotonic__blackboxai__CVE-2025-0471.json"
  }
}