{
  "prediction": {
    "Trend": "Monotonic",
    "Model": "command-r",
    "CVE": "CVE-2025-0106",
    "TargetDate": "2025-06-21",
    "Pred": 0.0012,
    "Actual": 0.0017000000000000001,
    "AbsError": 0.0005000000000000002,
    "SqError": 2.5000000000000025e-07,
    "PctError": 29.411764705882366,
    "PredDir": -1,
    "ActualDir": 1,
    "DirCorrect": 0,
    "HistoryPoints": 7,
    "LLM_Used": 1,
    "InputsPath": "/home/xiaoqun/RQ3_Experimants/results_rq3_exp1_llm/llm_inputs/Monotonic__command-r__CVE-2025-0106.json"
  }
}