{
  "prediction": {
    "Trend": "Monotonic",
    "Model": "blackboxai",
    "CVE": "CVE-2025-0119",
    "TargetDate": "2025-06-18",
    "Pred": 0.005200000000000001,
    "Actual": 0.0052,
    "AbsError": 8.673617379884035e-19,
    "SqError": 7.52316384526264e-37,
    "PctError": 1.6680033422853914e-14,
    "PredDir": 1,
    "ActualDir": 1,
    "DirCorrect": 1,
    "HistoryPoints": 4,
    "LLM_Used": 0,
    "InputsPath": "/home/xiaoqun/RQ3_Experimants/results_rq3_exp1_llm/llm_inputs/Monotonic__blackboxai__CVE-2025-0119.json"
  }
}