{
  "prediction": {
    "Trend": "Monotonic",
    "Model": "command-r",
    "CVE": "CVE-2025-0366",
    "TargetDate": "2025-07-12",
    "Pred": 0.014,
    "Actual": 0.011200000000000002,
    "AbsError": 0.0027999999999999987,
    "SqError": 7.839999999999993e-06,
    "PctError": 24.999999999999982,
    "PredDir": 1,
    "ActualDir": -1,
    "DirCorrect": 0,
    "HistoryPoints": 15,
    "LLM_Used": 1,
    "InputsPath": "/home/xiaoqun/RQ3_Experimants/results_rq3_exp1_llm/llm_inputs/Monotonic__command-r__CVE-2025-0366.json"
  }
}