{
  "prediction": {
    "Trend": "Monotonic",
    "Model": "blackboxai",
    "CVE": "CVE-2025-0412",
    "TargetDate": "2025-06-23",
    "Pred": 0.00030000000000000014,
    "Actual": 0.0008,
    "AbsError": 0.0004999999999999999,
    "SqError": 2.499999999999999e-07,
    "PctError": 62.499999999999986,
    "PredDir": -1,
    "ActualDir": 1,
    "DirCorrect": 0,
    "HistoryPoints": 7,
    "LLM_Used": 0,
    "InputsPath": "/home/xiaoqun/RQ3_Experimants/results_rq3_exp1_llm/llm_inputs/Monotonic__blackboxai__CVE-2025-0412.json"
  }
}