{
  "prediction": {
    "Trend": "Monotonic",
    "Model": "gemini-1.5-pro",
    "CVE": "CVE-2025-0394",
    "TargetDate": "2025-06-24",
    "Pred": 0.008,
    "Actual": 0.0055000000000000005,
    "AbsError": 0.0024999999999999996,
    "SqError": 6.249999999999998e-06,
    "PctError": 45.45454545454544,
    "PredDir": 1,
    "ActualDir": 1,
    "DirCorrect": 1,
    "HistoryPoints": 9,
    "LLM_Used": 1,
    "InputsPath": "/home/xiaoqun/RQ3_Experimants/results_rq3_exp1_llm/llm_inputs/Monotonic__gemini-1.5-pro__CVE-2025-0394.json"
  }
}