{
  "prediction": {
    "Trend": "Monotonic",
    "Model": "blackboxai",
    "CVE": "CVE-2025-0106",
    "TargetDate": "2025-06-21",
    "Pred": 0.0016000000000000005,
    "Actual": 0.0017000000000000001,
    "AbsError": 9.999999999999961e-05,
    "SqError": 9.999999999999922e-09,
    "PctError": 5.882352941176448,
    "PredDir": 1,
    "ActualDir": 1,
    "DirCorrect": 1,
    "HistoryPoints": 7,
    "LLM_Used": 0,
    "InputsPath": "/home/xiaoqun/RQ3_Experimants/results_rq3_exp1_llm/llm_inputs/Monotonic__blackboxai__CVE-2025-0106.json"
  }
}