{
  "prediction": {
    "Trend": "Monotonic",
    "Model": "blackboxai",
    "CVE": "CVE-2025-0104",
    "TargetDate": "2025-06-21",
    "Pred": 0.0019000000000000004,
    "Actual": 0.0018,
    "AbsError": 0.00010000000000000048,
    "SqError": 1.0000000000000096e-08,
    "PctError": 5.555555555555582,
    "PredDir": 1,
    "ActualDir": 1,
    "DirCorrect": 1,
    "HistoryPoints": 7,
    "LLM_Used": 0,
    "InputsPath": "/home/xiaoqun/RQ3_Experimants/results_rq3_exp1_llm/llm_inputs/Monotonic__blackboxai__CVE-2025-0104.json"
  }
}