{
  "prediction": {
    "Trend": "Monotonic",
    "Model": "blackboxai",
    "CVE": "CVE-2025-3544",
    "TargetDate": "2025-06-21",
    "Pred": 0.0021000000000000046,
    "Actual": 0.0118,
    "AbsError": 0.009699999999999995,
    "SqError": 9.408999999999991e-05,
    "PctError": 82.20338983050843,
    "PredDir": -1,
    "ActualDir": -1,
    "DirCorrect": 1,
    "HistoryPoints": 5,
    "LLM_Used": 0,
    "InputsPath": "/home/xiaoqun/RQ3_Experimants/results_rq3_exp1_llm/llm_inputs/Monotonic__blackboxai__CVE-2025-3544.json"
  }
}