{
  "prediction": {
    "Trend": "Monotonic",
    "Model": "blackboxai",
    "CVE": "CVE-2025-0364",
    "TargetDate": "2025-07-15",
    "Pred": 0.04409999999999999,
    "Actual": 0.0482,
    "AbsError": 0.004100000000000006,
    "SqError": 1.6810000000000054e-05,
    "PctError": 8.506224066390054,
    "PredDir": 1,
    "ActualDir": 1,
    "DirCorrect": 1,
    "HistoryPoints": 14,
    "LLM_Used": 0,
    "InputsPath": "/home/xiaoqun/RQ3_Experimants/results_rq3_exp1_llm/llm_inputs/Monotonic__blackboxai__CVE-2025-0364.json"
  }
}