{
  "prediction": {
    "Trend": "Monotonic",
    "Model": "blackboxai",
    "CVE": "CVE-2025-0429",
    "TargetDate": "2025-07-02",
    "Pred": 0.0025999999999999994,
    "Actual": 0.0043,
    "AbsError": 0.0017000000000000006,
    "SqError": 2.890000000000002e-06,
    "PctError": 39.534883720930246,
    "PredDir": -1,
    "ActualDir": 1,
    "DirCorrect": 0,
    "HistoryPoints": 11,
    "LLM_Used": 0,
    "InputsPath": "/home/xiaoqun/RQ3_Experimants/results_rq3_exp1_llm/llm_inputs/Monotonic__blackboxai__CVE-2025-0429.json"
  }
}