{
  "prediction": {
    "Trend": "Monotonic",
    "Model": "gpt-4o",
    "CVE": "CVE-2025-0190",
    "TargetDate": "2025-07-20",
    "Pred": 0.0006,
    "Actual": 0.0014000000000000002,
    "AbsError": 0.0008000000000000003,
    "SqError": 6.400000000000004e-07,
    "PctError": 57.14285714285715,
    "PredDir": -1,
    "ActualDir": 1,
    "DirCorrect": 0,
    "HistoryPoints": 6,
    "LLM_Used": 1,
    "InputsPath": "/home/xiaoqun/RQ3_Experimants/results_rq3_exp1_llm/llm_inputs/Monotonic__gpt-4o__CVE-2025-0190.json"
  }
}