{
  "prediction": {
    "Trend": "Monotonic",
    "Model": "blackboxai",
    "CVE": "CVE-2025-1596",
    "TargetDate": "2025-07-23",
    "Pred": 0.00019999999999999993,
    "Actual": 0.0003,
    "AbsError": 0.00010000000000000005,
    "SqError": 1.0000000000000008e-08,
    "PctError": 33.33333333333336,
    "PredDir": -1,
    "ActualDir": -1,
    "DirCorrect": 1,
    "HistoryPoints": 9,
    "LLM_Used": 0,
    "InputsPath": "/home/xiaoqun/RQ3_Experimants/results_rq3_exp1_llm/llm_inputs/Monotonic__blackboxai__CVE-2025-1596.json"
  }
}