{
  "prediction": {
    "Trend": "Monotonic",
    "Model": "gpt-4o",
    "CVE": "CVE-2025-0366",
    "TargetDate": "2025-07-12",
    "Pred": 0.0159,
    "Actual": 0.011200000000000002,
    "AbsError": 0.004699999999999999,
    "SqError": 2.2089999999999993e-05,
    "PctError": 41.9642857142857,
    "PredDir": 1,
    "ActualDir": -1,
    "DirCorrect": 0,
    "HistoryPoints": 15,
    "LLM_Used": 1,
    "InputsPath": "/home/xiaoqun/RQ3_Experimants/results_rq3_exp1_llm/llm_inputs/Monotonic__gpt-4o__CVE-2025-0366.json"
  }
}