{
  "prediction": {
    "Trend": "Monotonic",
    "Model": "blackboxai",
    "CVE": "CVE-2025-4664",
    "TargetDate": "2025-07-21",
    "Pred": 0.00030000000000000003,
    "Actual": 0.0002,
    "AbsError": 0.00010000000000000002,
    "SqError": 1.0000000000000004e-08,
    "PctError": 50.000000000000014,
    "PredDir": 1,
    "ActualDir": -1,
    "DirCorrect": 0,
    "HistoryPoints": 11,
    "LLM_Used": 0,
    "InputsPath": "/home/xiaoqun/RQ3_Experimants/results_rq3_exp1_llm/llm_inputs/Monotonic__blackboxai__CVE-2025-4664.json"
  }
}