{
  "prediction": {
    "Trend": "Monotonic",
    "Model": "gemini-1.5-pro",
    "CVE": "CVE-2025-0470",
    "TargetDate": "2025-07-11",
    "Pred": 0.0015,
    "Actual": 0.0017000000000000001,
    "AbsError": 0.0002000000000000001,
    "SqError": 4.0000000000000034e-08,
    "PctError": 11.764705882352946,
    "PredDir": 1,
    "ActualDir": 1,
    "DirCorrect": 1,
    "HistoryPoints": 11,
    "LLM_Used": 1,
    "InputsPath": "/home/xiaoqun/RQ3_Experimants/results_rq3_exp1_llm/llm_inputs/Monotonic__gemini-1.5-pro__CVE-2025-0470.json"
  }
}