{
  "prediction": {
    "Trend": "Monotonic",
    "Model": "blackboxai",
    "CVE": "CVE-2025-1593",
    "TargetDate": "2025-07-23",
    "Pred": 0.00030000000000000003,
    "Actual": 0.0004,
    "AbsError": 9.999999999999999e-05,
    "SqError": 9.999999999999999e-09,
    "PctError": 24.999999999999996,
    "PredDir": -1,
    "ActualDir": -1,
    "DirCorrect": 1,
    "HistoryPoints": 8,
    "LLM_Used": 0,
    "InputsPath": "/home/xiaoqun/RQ3_Experimants/results_rq3_exp1_llm/llm_inputs/Monotonic__blackboxai__CVE-2025-1593.json"
  }
}