{
  "prediction": {
    "Trend": "Monotonic",
    "Model": "gpt-4o-mini",
    "CVE": "CVE-2025-0521",
    "TargetDate": "2025-07-18",
    "Pred": 0.00084,
    "Actual": 0.0014000000000000002,
    "AbsError": 0.0005600000000000002,
    "SqError": 3.136000000000002e-07,
    "PctError": 40.00000000000001,
    "PredDir": 1,
    "ActualDir": 1,
    "DirCorrect": 1,
    "HistoryPoints": 10,
    "LLM_Used": 1,
    "InputsPath": "/home/xiaoqun/RQ3_Experimants/results_rq3_exp1_llm/llm_inputs/Monotonic__gpt-4o-mini__CVE-2025-0521.json"
  }
}