{
  "prediction": {
    "Trend": "Monotonic",
    "Model": "blackboxai",
    "CVE": "CVE-2025-0475",
    "TargetDate": "2025-07-26",
    "Pred": 0.0026999999999999997,
    "Actual": 0.0008,
    "AbsError": 0.0018999999999999998,
    "SqError": 3.6099999999999993e-06,
    "PctError": 237.49999999999994,
    "PredDir": 1,
    "ActualDir": -1,
    "DirCorrect": 0,
    "HistoryPoints": 12,
    "LLM_Used": 0,
    "InputsPath": "/home/xiaoqun/RQ3_Experimants/results_rq3_exp1_llm/llm_inputs/Monotonic__blackboxai__CVE-2025-0475.json"
  }
}