{
  "prediction": {
    "Trend": "Stable",
    "Model": "blackboxai",
    "CVE": "CVE-2025-0070",
    "TargetDate": "2025-06-24",
    "Pred": 0.0007000000000000001,
    "Actual": 0.0012,
    "AbsError": 0.0004999999999999998,
    "SqError": 2.499999999999998e-07,
    "PctError": 41.66666666666665,
    "PredDir": -1,
    "ActualDir": 1,
    "DirCorrect": 0,
    "HistoryPoints": 9,
    "LLM_Used": 0,
    "InputsPath": "/home/xiaoqun/RQ3_Experimants/results_rq3_exp1_llm/llm_inputs/Stable__blackboxai__CVE-2025-0070.json"
  }
}