{
  "prediction": {
    "Trend": "Stable",
    "Model": "gpt-4o-mini",
    "CVE": "CVE-2025-0067",
    "TargetDate": "2025-06-24",
    "Pred": 0.0004000000000000001,
    "Actual": 0.0006,
    "AbsError": 0.00019999999999999987,
    "SqError": 3.999999999999995e-08,
    "PctError": 33.333333333333314,
    "PredDir": -1,
    "ActualDir": 1,
    "DirCorrect": 0,
    "HistoryPoints": 7,
    "LLM_Used": 0,
    "InputsPath": "/home/xiaoqun/RQ3_Experimants/results_rq3_exp1_llm/llm_inputs/Stable__gpt-4o-mini__CVE-2025-0067.json"
  }
}