{
  "prediction": {
    "Trend": "Stable",
    "Model": "blackboxai",
    "CVE": "CVE-2025-0122",
    "TargetDate": "2025-06-18",
    "Pred": 0.00039999999999999996,
    "Actual": 0.0003,
    "AbsError": 9.999999999999999e-05,
    "SqError": 9.999999999999999e-09,
    "PctError": 33.33333333333333,
    "PredDir": 1,
    "ActualDir": -1,
    "DirCorrect": 0,
    "HistoryPoints": 2,
    "LLM_Used": 0,
    "InputsPath": "/home/xiaoqun/RQ3_Experimants/results_rq3_exp1_llm/llm_inputs/Stable__blackboxai__CVE-2025-0122.json"
  }
}