{
  "prediction": {
    "Trend": "Stable",
    "Model": "gpt-4o-mini",
    "CVE": "CVE-2025-0054",
    "TargetDate": "2025-07-22",
    "Pred": 9.999999999999994e-05,
    "Actual": 0.0003,
    "AbsError": 0.00020000000000000004,
    "SqError": 4.0000000000000014e-08,
    "PctError": 66.66666666666669,
    "PredDir": -1,
    "ActualDir": -1,
    "DirCorrect": 1,
    "HistoryPoints": 7,
    "LLM_Used": 0,
    "InputsPath": "/home/xiaoqun/RQ3_Experimants/results_rq3_exp1_llm/llm_inputs/Stable__gpt-4o-mini__CVE-2025-0054.json"
  }
}