{
  "prediction": {
    "Trend": "Stable",
    "Model": "gpt-4",
    "CVE": "CVE-2025-0130",
    "TargetDate": "2025-07-21",
    "Pred": 0.0009,
    "Actual": 0.0007000000000000001,
    "AbsError": 0.00019999999999999987,
    "SqError": 3.999999999999995e-08,
    "PctError": 28.571428571428548,
    "PredDir": 1,
    "ActualDir": -1,
    "DirCorrect": 0,
    "HistoryPoints": 2,
    "LLM_Used": 1,
    "InputsPath": "/home/xiaoqun/RQ3_Experimants/results_rq3_exp1_llm/llm_inputs/Stable__gpt-4__CVE-2025-0130.json"
  }
}