{
  "prediction": {
    "Trend": "Stable",
    "Model": "blackboxai",
    "CVE": "CVE-2025-0015",
    "TargetDate": "2025-07-14",
    "Pred": 0.00010000000000000005,
    "Actual": 0.0003,
    "AbsError": 0.00019999999999999993,
    "SqError": 3.9999999999999974e-08,
    "PctError": 66.66666666666666,
    "PredDir": -1,
    "ActualDir": 1,
    "DirCorrect": 0,
    "HistoryPoints": 8,
    "LLM_Used": 0,
    "InputsPath": "/home/xiaoqun/RQ3_Experimants/results_rq3_exp1_llm/llm_inputs/Stable__blackboxai__CVE-2025-0015.json"
  }
}