{
  "prediction": {
    "Trend": "Stable",
    "Model": "gpt-4o",
    "CVE": "CVE-2025-0065",
    "TargetDate": "2025-07-08",
    "Pred": 0.0007,
    "Actual": 0.0007000000000000001,
    "AbsError": 1.0842021724855044e-19,
    "SqError": 1.1754943508222875e-38,
    "PctError": 1.5488602464078633e-14,
    "PredDir": 1,
    "ActualDir": 1,
    "DirCorrect": 1,
    "HistoryPoints": 14,
    "LLM_Used": 1,
    "InputsPath": "/home/xiaoqun/RQ3_Experimants/results_rq3_exp1_llm/llm_inputs/Stable__gpt-4o__CVE-2025-0065.json"
  }
}