{
  "prediction": {
    "Trend": "Stable",
    "Model": "blackboxai",
    "CVE": "CVE-2025-0069",
    "TargetDate": "2025-06-24",
    "Pred": 0.00010000000000000005,
    "Actual": 0.0002,
    "AbsError": 9.999999999999996e-05,
    "SqError": 9.999999999999994e-09,
    "PctError": 49.99999999999998,
    "PredDir": -1,
    "ActualDir": -1,
    "DirCorrect": 1,
    "HistoryPoints": 7,
    "LLM_Used": 0,
    "InputsPath": "/home/xiaoqun/RQ3_Experimants/results_rq3_exp1_llm/llm_inputs/Stable__blackboxai__CVE-2025-0069.json"
  }
}