{
  "prediction": {
    "Trend": "Stable",
    "Model": "gpt-4",
    "CVE": "CVE-2025-0125",
    "TargetDate": "2025-06-18",
    "Pred": 0.0021,
    "Actual": 0.0007000000000000001,
    "AbsError": 0.0013999999999999998,
    "SqError": 1.9599999999999994e-06,
    "PctError": 199.99999999999994,
    "PredDir": 1,
    "ActualDir": 1,
    "DirCorrect": 1,
    "HistoryPoints": 2,
    "LLM_Used": 1,
    "InputsPath": "/home/xiaoqun/RQ3_Experimants/results_rq3_exp1_llm/llm_inputs/Stable__gpt-4__CVE-2025-0125.json"
  }
}