{
  "prediction": {
    "Trend": "Stable",
    "Model": "command-r",
    "CVE": "CVE-2025-0063",
    "TargetDate": "2025-06-24",
    "Pred": 0.0011,
    "Actual": 0.0014000000000000002,
    "AbsError": 0.00030000000000000014,
    "SqError": 9.000000000000008e-08,
    "PctError": 21.428571428571434,
    "PredDir": -1,
    "ActualDir": 1,
    "DirCorrect": 0,
    "HistoryPoints": 10,
    "LLM_Used": 1,
    "InputsPath": "/home/xiaoqun/RQ3_Experimants/results_rq3_exp1_llm/llm_inputs/Stable__command-r__CVE-2025-0063.json"
  }
}