{
  "prediction": {
    "Trend": "Stable",
    "Model": "gpt-4o-mini",
    "CVE": "CVE-2025-0065",
    "TargetDate": "2025-07-08",
    "Pred": 0.0008,
    "Actual": 0.0007000000000000001,
    "AbsError": 9.999999999999994e-05,
    "SqError": 9.999999999999987e-09,
    "PctError": 14.285714285714274,
    "PredDir": 1,
    "ActualDir": 1,
    "DirCorrect": 1,
    "HistoryPoints": 14,
    "LLM_Used": 1,
    "InputsPath": "/home/xiaoqun/RQ3_Experimants/results_rq3_exp1_llm/llm_inputs/Stable__gpt-4o-mini__CVE-2025-0065.json"
  }
}