{
  "prediction": {
    "Trend": "Sudden_Change",
    "Model": "gemini-1.5-flash",
    "CVE": "CVE-2025-1338",
    "TargetDate": "2025-07-27",
    "Pred": 0.07,
    "Actual": 0.027200000000000002,
    "AbsError": 0.042800000000000005,
    "SqError": 0.0018318400000000004,
    "PctError": 157.35294117647058,
    "PredDir": 1,
    "ActualDir": -1,
    "DirCorrect": 0,
    "HistoryPoints": 10,
    "LLM_Used": 1,
    "InputsPath": "/home/xiaoqun/RQ3_Experimants/results_rq3_exp1_llm/llm_inputs/Sudden_Change__gemini-1.5-flash__CVE-2025-1338.json"
  }
}