{
  "prediction": {
    "Trend": "Sudden_Change",
    "Model": "gpt-4",
    "CVE": "CVE-2025-1094",
    "TargetDate": "2025-07-25",
    "Pred": 0.8196,
    "Actual": 0.8231999999999999,
    "AbsError": 0.0035999999999999366,
    "SqError": 1.2959999999999544e-05,
    "PctError": 0.43731778425655204,
    "PredDir": 1,
    "ActualDir": 1,
    "DirCorrect": 1,
    "HistoryPoints": 12,
    "LLM_Used": 1,
    "InputsPath": "/home/xiaoqun/RQ3_Experimants/results_rq3_exp1_llm/llm_inputs/Sudden_Change__gpt-4__CVE-2025-1094.json"
  }
}