{
  "prediction": {
    "Trend": "Sudden_Change",
    "Model": "blackboxai",
    "CVE": "CVE-2025-1946",
    "TargetDate": "2025-07-04",
    "Pred": 0.023100000000000002,
    "Actual": 0.018000000000000002,
    "AbsError": 0.0051,
    "SqError": 2.6010000000000003e-05,
    "PctError": 28.333333333333332,
    "PredDir": 1,
    "ActualDir": -1,
    "DirCorrect": 0,
    "HistoryPoints": 6,
    "LLM_Used": 0,
    "InputsPath": "/home/xiaoqun/RQ3_Experimants/results_rq3_exp1_llm/llm_inputs/Sudden_Change__blackboxai__CVE-2025-1946.json"
  }
}