{
  "prediction": {
    "Trend": "Sudden_Change",
    "Model": "gpt-4o-mini",
    "CVE": "CVE-2025-0457",
    "TargetDate": "2025-06-26",
    "Pred": 0.0023000000000000017,
    "Actual": 0.0073,
    "AbsError": 0.004999999999999998,
    "SqError": 2.4999999999999984e-05,
    "PctError": 68.49315068493148,
    "PredDir": -1,
    "ActualDir": 1,
    "DirCorrect": 0,
    "HistoryPoints": 7,
    "LLM_Used": 0,
    "InputsPath": "/home/xiaoqun/RQ3_Experimants/results_rq3_exp1_llm/llm_inputs/Sudden_Change__gpt-4o-mini__CVE-2025-0457.json"
  }
}