{
  "prediction": {
    "Trend": "Sudden_Change",
    "Model": "command-r",
    "CVE": "CVE-2025-1743",
    "TargetDate": "2025-07-27",
    "Pred": 0.029,
    "Actual": 0.029300000000000003,
    "AbsError": 0.00030000000000000165,
    "SqError": 9.000000000000099e-08,
    "PctError": 1.0238907849829406,
    "PredDir": -1,
    "ActualDir": -1,
    "DirCorrect": 1,
    "HistoryPoints": 11,
    "LLM_Used": 1,
    "InputsPath": "/home/xiaoqun/RQ3_Experimants/results_rq3_exp1_llm/llm_inputs/Sudden_Change__command-r__CVE-2025-1743.json"
  }
}