{
  "prediction": {
    "Trend": "Sudden_Change",
    "Model": "gpt-4o",
    "CVE": "CVE-2025-1098",
    "TargetDate": "2025-07-24",
    "Pred": 0.3798,
    "Actual": 0.35240000000000005,
    "AbsError": 0.02739999999999998,
    "SqError": 0.0007507599999999989,
    "PctError": 7.775255391600447,
    "PredDir": 1,
    "ActualDir": -1,
    "DirCorrect": 0,
    "HistoryPoints": 21,
    "LLM_Used": 1,
    "InputsPath": "/home/xiaoqun/RQ3_Experimants/results_rq3_exp1_llm/llm_inputs/Sudden_Change__gpt-4o__CVE-2025-1098.json"
  }
}