{
  "prediction": {
    "Trend": "Sudden_Change",
    "Model": "gpt-4",
    "CVE": "CVE-2025-1661",
    "TargetDate": "2025-07-21",
    "Pred": 0.8804,
    "Actual": 0.8737999999999999,
    "AbsError": 0.00660000000000005,
    "SqError": 4.356000000000066e-05,
    "PctError": 0.7553215838864787,
    "PredDir": 1,
    "ActualDir": 1,
    "DirCorrect": 1,
    "HistoryPoints": 23,
    "LLM_Used": 1,
    "InputsPath": "/home/xiaoqun/RQ3_Experimants/results_rq3_exp1_llm/llm_inputs/Sudden_Change__gpt-4__CVE-2025-1661.json"
  }
}