{
  "prediction": {
    "Trend": "Sudden_Change",
    "Model": "gpt-4o-mini",
    "CVE": "CVE-2025-1743",
    "TargetDate": "2025-07-27",
    "Pred": 0.04,
    "Actual": 0.029300000000000003,
    "AbsError": 0.010699999999999998,
    "SqError": 0.00011448999999999996,
    "PctError": 36.518771331058005,
    "PredDir": 1,
    "ActualDir": -1,
    "DirCorrect": 0,
    "HistoryPoints": 11,
    "LLM_Used": 1,
    "InputsPath": "/home/xiaoqun/RQ3_Experimants/results_rq3_exp1_llm/llm_inputs/Sudden_Change__gpt-4o-mini__CVE-2025-1743.json"
  }
}