{
  "prediction": {
    "Trend": "Sudden_Change",
    "Model": "gpt-4o-mini",
    "CVE": "CVE-2025-0282",
    "TargetDate": "2025-07-17",
    "Pred": 0.932,
    "Actual": 0.9323999999999999,
    "AbsError": 0.0003999999999998449,
    "SqError": 1.5999999999987594e-07,
    "PctError": 0.042900042900026275,
    "PredDir": -1,
    "ActualDir": -1,
    "DirCorrect": 1,
    "HistoryPoints": 26,
    "LLM_Used": 1,
    "InputsPath": "/home/xiaoqun/RQ3_Experimants/results_rq3_exp1_llm/llm_inputs/Sudden_Change__gpt-4o-mini__CVE-2025-0282.json"
  }
}