{
  "prediction": {
    "Trend": "Sudden_Change",
    "Model": "gpt-4o",
    "CVE": "CVE-2025-1829",
    "TargetDate": "2025-07-02",
    "Pred": 0.014,
    "Actual": 0.013300000000000001,
    "AbsError": 0.0006999999999999992,
    "SqError": 4.899999999999989e-07,
    "PctError": 5.263157894736836,
    "PredDir": 1,
    "ActualDir": 1,
    "DirCorrect": 1,
    "HistoryPoints": 10,
    "LLM_Used": 1,
    "InputsPath": "/home/xiaoqun/RQ3_Experimants/results_rq3_exp1_llm/llm_inputs/Sudden_Change__gpt-4o__CVE-2025-1829.json"
  }
}