{
  "prediction": {
    "Trend": "Sudden_Change",
    "Model": "gpt-4",
    "CVE": "CVE-2025-2011",
    "TargetDate": "2025-07-25",
    "Pred": 0.755,
    "Actual": 0.6537999999999999,
    "AbsError": 0.10120000000000007,
    "SqError": 0.010241440000000013,
    "PctError": 15.47873967574183,
    "PredDir": 1,
    "ActualDir": -1,
    "DirCorrect": 0,
    "HistoryPoints": 11,
    "LLM_Used": 1,
    "InputsPath": "/home/xiaoqun/RQ3_Experimants/results_rq3_exp1_llm/llm_inputs/Sudden_Change__gpt-4__CVE-2025-2011.json"
  }
}