{
  "prediction": {
    "Trend": "Sudden_Change",
    "Model": "gpt-4",
    "CVE": "CVE-2025-1338",
    "TargetDate": "2025-07-27",
    "Pred": 0.027,
    "Actual": 0.027200000000000002,
    "AbsError": 0.00020000000000000226,
    "SqError": 4.00000000000009e-08,
    "PctError": 0.7352941176470671,
    "PredDir": -1,
    "ActualDir": -1,
    "DirCorrect": 1,
    "HistoryPoints": 10,
    "LLM_Used": 1,
    "InputsPath": "/home/xiaoqun/RQ3_Experimants/results_rq3_exp1_llm/llm_inputs/Sudden_Change__gpt-4__CVE-2025-1338.json"
  }
}