{
  "prediction": {
    "Trend": "Sudden_Change",
    "Model": "gemini-1.5-pro",
    "CVE": "CVE-2025-1338",
    "TargetDate": "2025-07-27",
    "Pred": 0.04,
    "Actual": 0.027200000000000002,
    "AbsError": 0.012799999999999999,
    "SqError": 0.00016383999999999998,
    "PctError": 47.05882352941176,
    "PredDir": 1,
    "ActualDir": -1,
    "DirCorrect": 0,
    "HistoryPoints": 10,
    "LLM_Used": 1,
    "InputsPath": "/home/xiaoqun/RQ3_Experimants/results_rq3_exp1_llm/llm_inputs/Sudden_Change__gemini-1.5-pro__CVE-2025-1338.json"
  }
}