{
  "prediction": {
    "Trend": "Sudden_Change",
    "Model": "gpt-4",
    "CVE": "CVE-2025-1829",
    "TargetDate": "2025-07-02",
    "Pred": 0.012,
    "Actual": 0.013300000000000001,
    "AbsError": 0.0013000000000000008,
    "SqError": 1.690000000000002e-06,
    "PctError": 9.774436090225569,
    "PredDir": 1,
    "ActualDir": 1,
    "DirCorrect": 1,
    "HistoryPoints": 10,
    "LLM_Used": 1,
    "InputsPath": "/home/xiaoqun/RQ3_Experimants/results_rq3_exp1_llm/llm_inputs/Sudden_Change__gpt-4__CVE-2025-1829.json"
  }
}