{
  "prediction": {
    "Trend": "Sudden_Change",
    "Model": "gpt-4o",
    "CVE": "CVE-2025-1946",
    "TargetDate": "2025-07-04",
    "Pred": 0.0232,
    "Actual": 0.018000000000000002,
    "AbsError": 0.005199999999999996,
    "SqError": 2.703999999999996e-05,
    "PctError": 28.888888888888864,
    "PredDir": 1,
    "ActualDir": -1,
    "DirCorrect": 0,
    "HistoryPoints": 6,
    "LLM_Used": 1,
    "InputsPath": "/home/xiaoqun/RQ3_Experimants/results_rq3_exp1_llm/llm_inputs/Sudden_Change__gpt-4o__CVE-2025-1946.json"
  }
}