{
  "prediction": {
    "Trend": "Sudden_Change",
    "Model": "gpt-4o",
    "CVE": "CVE-2025-0282",
    "TargetDate": "2025-07-17",
    "Pred": 0.9339,
    "Actual": 0.9323999999999999,
    "AbsError": 0.0015000000000000568,
    "SqError": 2.2500000000001707e-06,
    "PctError": 0.16087516087516698,
    "PredDir": -1,
    "ActualDir": -1,
    "DirCorrect": 1,
    "HistoryPoints": 26,
    "LLM_Used": 0,
    "InputsPath": "/home/xiaoqun/RQ3_Experimants/results_rq3_exp1_llm/llm_inputs/Sudden_Change__gpt-4o__CVE-2025-0282.json"
  }
}