{
  "prediction": {
    "Trend": "Sudden_Change",
    "Model": "gpt-4o",
    "CVE": "CVE-2025-0328",
    "TargetDate": "2025-06-19",
    "Pred": 0.019,
    "Actual": 0.026699999999999998,
    "AbsError": 0.0076999999999999985,
    "SqError": 5.9289999999999976e-05,
    "PctError": 28.83895131086142,
    "PredDir": -1,
    "ActualDir": 1,
    "DirCorrect": 0,
    "HistoryPoints": 8,
    "LLM_Used": 1,
    "InputsPath": "/home/xiaoqun/RQ3_Experimants/results_rq3_exp1_llm/llm_inputs/Sudden_Change__gpt-4o__CVE-2025-0328.json"
  }
}