{
  "prediction": {
    "Trend": "Sudden_Change",
    "Model": "gpt-4o",
    "CVE": "CVE-2025-1947",
    "TargetDate": "2025-07-04",
    "Pred": 0.02,
    "Actual": 0.018000000000000002,
    "AbsError": 0.0019999999999999983,
    "SqError": 3.999999999999993e-06,
    "PctError": 11.1111111111111,
    "PredDir": 1,
    "ActualDir": -1,
    "DirCorrect": 0,
    "HistoryPoints": 6,
    "LLM_Used": 1,
    "InputsPath": "/home/xiaoqun/RQ3_Experimants/results_rq3_exp1_llm/llm_inputs/Sudden_Change__gpt-4o__CVE-2025-1947.json"
  }
}