{
  "prediction": {
    "Trend": "Sudden_Change",
    "Model": "blackboxai",
    "CVE": "CVE-2025-0725",
    "TargetDate": "2025-07-18",
    "Pred": 0.0027,
    "Actual": 0.0028000000000000004,
    "AbsError": 0.00010000000000000026,
    "SqError": 1.0000000000000053e-08,
    "PctError": 3.57142857142858,
    "PredDir": 1,
    "ActualDir": 1,
    "DirCorrect": 1,
    "HistoryPoints": 18,
    "LLM_Used": 0,
    "InputsPath": "/home/xiaoqun/RQ3_Experimants/results_rq3_exp1_llm/llm_inputs/Sudden_Change__blackboxai__CVE-2025-0725.json"
  }
}