{
  "prediction": {
    "Trend": "Sudden_Change",
    "Model": "gpt-4",
    "CVE": "CVE-2025-2096",
    "TargetDate": "2025-07-07",
    "Pred": 0.0129,
    "Actual": 0.014499999999999999,
    "AbsError": 0.001599999999999999,
    "SqError": 2.5599999999999967e-06,
    "PctError": 11.034482758620683,
    "PredDir": 1,
    "ActualDir": 1,
    "DirCorrect": 1,
    "HistoryPoints": 8,
    "LLM_Used": 1,
    "InputsPath": "/home/xiaoqun/RQ3_Experimants/results_rq3_exp1_llm/llm_inputs/Sudden_Change__gpt-4__CVE-2025-2096.json"
  }
}