{
  "prediction": {
    "Trend": "Sudden_Change",
    "Model": "gpt-4o",
    "CVE": "CVE-2025-2095",
    "TargetDate": "2025-07-07",
    "Pred": 0.0126,
    "Actual": 0.014499999999999999,
    "AbsError": 0.001899999999999999,
    "SqError": 3.609999999999996e-06,
    "PctError": 13.103448275862062,
    "PredDir": 1,
    "ActualDir": 1,
    "DirCorrect": 1,
    "HistoryPoints": 8,
    "LLM_Used": 1,
    "InputsPath": "/home/xiaoqun/RQ3_Experimants/results_rq3_exp1_llm/llm_inputs/Sudden_Change__gpt-4o__CVE-2025-2095.json"
  }
}