{
  "prediction": {
    "Trend": "Sudden_Change",
    "Model": "command-r",
    "CVE": "CVE-2025-1800",
    "TargetDate": "2025-07-01",
    "Pred": 0.001,
    "Actual": 0.0007000000000000001,
    "AbsError": 0.0002999999999999999,
    "SqError": 8.999999999999995e-08,
    "PctError": 42.85714285714284,
    "PredDir": 1,
    "ActualDir": 1,
    "DirCorrect": 1,
    "HistoryPoints": 8,
    "LLM_Used": 1,
    "InputsPath": "/home/xiaoqun/RQ3_Experimants/results_rq3_exp1_llm/llm_inputs/Sudden_Change__command-r__CVE-2025-1800.json"
  }
}