{
  "prediction": {
    "Trend": "Sudden_Change",
    "Model": "blackboxai",
    "CVE": "CVE-2025-1094",
    "TargetDate": "2025-07-25",
    "Pred": 0.7988999999999998,
    "Actual": 0.8231999999999999,
    "AbsError": 0.0243000000000001,
    "SqError": 0.0005904900000000048,
    "PctError": 2.9518950437317906,
    "PredDir": -1,
    "ActualDir": 1,
    "DirCorrect": 0,
    "HistoryPoints": 12,
    "LLM_Used": 0,
    "InputsPath": "/home/xiaoqun/RQ3_Experimants/results_rq3_exp1_llm/llm_inputs/Sudden_Change__blackboxai__CVE-2025-1094.json"
  }
}