{
  "prediction": {
    "Trend": "Sudden_Change",
    "Model": "gpt-4o",
    "CVE": "CVE-2025-1661",
    "TargetDate": "2025-07-21",
    "Pred": 0.8826,
    "Actual": 0.8737999999999999,
    "AbsError": 0.008800000000000141,
    "SqError": 7.744000000000248e-05,
    "PctError": 1.00709544518198,
    "PredDir": 1,
    "ActualDir": 1,
    "DirCorrect": 1,
    "HistoryPoints": 23,
    "LLM_Used": 1,
    "InputsPath": "/home/xiaoqun/RQ3_Experimants/results_rq3_exp1_llm/llm_inputs/Sudden_Change__gpt-4o__CVE-2025-1661.json"
  }
}