{
  "prediction": {
    "Trend": "Sudden_Change",
    "Model": "gpt-4o-mini",
    "CVE": "CVE-2025-0328",
    "TargetDate": "2025-06-19",
    "Pred": 0.023,
    "Actual": 0.026699999999999998,
    "AbsError": 0.0036999999999999984,
    "SqError": 1.368999999999999e-05,
    "PctError": 13.857677902621719,
    "PredDir": 1,
    "ActualDir": 1,
    "DirCorrect": 1,
    "HistoryPoints": 8,
    "LLM_Used": 1,
    "InputsPath": "/home/xiaoqun/RQ3_Experimants/results_rq3_exp1_llm/llm_inputs/Sudden_Change__gpt-4o-mini__CVE-2025-0328.json"
  }
}