{
  "prediction": {
    "Trend": "Sudden_Change",
    "Model": "gpt-4o",
    "CVE": "CVE-2025-0725",
    "TargetDate": "2025-07-18",
    "Pred": 0.0022,
    "Actual": 0.0028000000000000004,
    "AbsError": 0.0006000000000000003,
    "SqError": 3.600000000000003e-07,
    "PctError": 21.428571428571434,
    "PredDir": -1,
    "ActualDir": 1,
    "DirCorrect": 0,
    "HistoryPoints": 18,
    "LLM_Used": 1,
    "InputsPath": "/home/xiaoqun/RQ3_Experimants/results_rq3_exp1_llm/llm_inputs/Sudden_Change__gpt-4o__CVE-2025-0725.json"
  }
}