{
  "prediction": {
    "Trend": "Sudden_Change",
    "Model": "gemini-1.5-flash",
    "CVE": "CVE-2025-1661",
    "TargetDate": "2025-07-21",
    "Pred": 0.89,
    "Actual": 0.8737999999999999,
    "AbsError": 0.016200000000000103,
    "SqError": 0.0002624400000000033,
    "PctError": 1.8539711604486273,
    "PredDir": 1,
    "ActualDir": 1,
    "DirCorrect": 1,
    "HistoryPoints": 23,
    "LLM_Used": 1,
    "InputsPath": "/home/xiaoqun/RQ3_Experimants/results_rq3_exp1_llm/llm_inputs/Sudden_Change__gemini-1.5-flash__CVE-2025-1661.json"
  }
}