{
  "prediction": {
    "Trend": "Sudden_Change",
    "Model": "gpt-4o",
    "CVE": "CVE-2025-1094",
    "TargetDate": "2025-07-25",
    "Pred": 0.8182,
    "Actual": 0.8231999999999999,
    "AbsError": 0.004999999999999893,
    "SqError": 2.4999999999998934e-05,
    "PctError": 0.6073858114674312,
    "PredDir": 1,
    "ActualDir": 1,
    "DirCorrect": 1,
    "HistoryPoints": 12,
    "LLM_Used": 1,
    "InputsPath": "/home/xiaoqun/RQ3_Experimants/results_rq3_exp1_llm/llm_inputs/Sudden_Change__gpt-4o__CVE-2025-1094.json"
  }
}