{
  "prediction": {
    "Trend": "Sudden_Change",
    "Model": "command-r",
    "CVE": "CVE-2025-0725",
    "TargetDate": "2025-07-18",
    "Pred": 0.0024,
    "Actual": 0.0028000000000000004,
    "AbsError": 0.0004000000000000006,
    "SqError": 1.6000000000000048e-07,
    "PctError": 14.285714285714304,
    "PredDir": 1,
    "ActualDir": 1,
    "DirCorrect": 1,
    "HistoryPoints": 18,
    "LLM_Used": 1,
    "InputsPath": "/home/xiaoqun/RQ3_Experimants/results_rq3_exp1_llm/llm_inputs/Sudden_Change__command-r__CVE-2025-0725.json"
  }
}