{
  "prediction": {
    "Trend": "Sudden_Change",
    "Model": "gpt-4",
    "CVE": "CVE-2025-0868",
    "TargetDate": "2025-07-20",
    "Pred": 0.24,
    "Actual": 0.11800000000000001,
    "AbsError": 0.12199999999999998,
    "SqError": 0.014883999999999996,
    "PctError": 103.38983050847455,
    "PredDir": 1,
    "ActualDir": -1,
    "DirCorrect": 0,
    "HistoryPoints": 16,
    "LLM_Used": 1,
    "InputsPath": "/home/xiaoqun/RQ3_Experimants/results_rq3_exp1_llm/llm_inputs/Sudden_Change__gpt-4__CVE-2025-0868.json"
  }
}